-- phpMyAdmin SQL Dump
-- version 4.2.11
-- http://www.phpmyadmin.net
--
-- Host: 127.0.0.1
-- Generation Time: Mar 06, 2015 at 01:23 PM
-- Server version: 5.6.21
-- PHP Version: 5.6.3

SET SQL_MODE = "NO_AUTO_VALUE_ON_ZERO";
SET time_zone = "+00:00";


/*!40101 SET @OLD_CHARACTER_SET_CLIENT=@@CHARACTER_SET_CLIENT */;
/*!40101 SET @OLD_CHARACTER_SET_RESULTS=@@CHARACTER_SET_RESULTS */;
/*!40101 SET @OLD_COLLATION_CONNECTION=@@COLLATION_CONNECTION */;
/*!40101 SET NAMES utf8 */;

--
-- Database: `project_tiara`
--

-- --------------------------------------------------------

--
-- Table structure for table `administrators`
--

CREATE TABLE IF NOT EXISTS `administrators` (
`id` int(20) NOT NULL,
  `first_name` varchar(50) NOT NULL,
  `last_name` varchar(50) NOT NULL,
  `username` varchar(50) NOT NULL,
  `password` varchar(255) NOT NULL,
  `status` tinyint(1) NOT NULL,
  `_date_created` datetime NOT NULL,
  `_date_modified` datetime NOT NULL
) ENGINE=InnoDB DEFAULT CHARSET=latin1;

-- --------------------------------------------------------

--
-- Table structure for table `competitions`
--

CREATE TABLE IF NOT EXISTS `competitions` (
`id` int(20) NOT NULL,
  `name` varchar(150) NOT NULL,
  `description` text NOT NULL,
  `slug` varchar(150) NOT NULL,
  `date` date NOT NULL,
  `status` tinyint(1) NOT NULL,
  `_date_created` datetime NOT NULL DEFAULT CURRENT_TIMESTAMP,
  `_date_modified` datetime NOT NULL DEFAULT CURRENT_TIMESTAMP
) ENGINE=InnoDB AUTO_INCREMENT=2 DEFAULT CHARSET=latin1;

--
-- Dumping data for table `competitions`
--

INSERT INTO `competitions` (`id`, `name`, `description`, `slug`, `date`, `status`, `_date_created`, `_date_modified`) VALUES
(1, 'Mutya ng Davao 2015', '78th Araw ng Davao Beauty Pageant', 'mutya-ng-dabaw-2015', '2015-02-28', 1, '0000-00-00 00:00:00', '0000-00-00 00:00:00');

-- --------------------------------------------------------

--
-- Table structure for table `contestants`
--

CREATE TABLE IF NOT EXISTS `contestants` (
`id` int(20) NOT NULL,
  `competition_id` int(20) NOT NULL,
  `first_name` varchar(50) NOT NULL,
  `middle_name` varchar(50) NOT NULL,
  `last_name` varchar(50) NOT NULL,
  `birthday` date NOT NULL,
  `BHW` varchar(8) NOT NULL COMMENT 'Bust-Waist-Hip',
  `height` varchar(5) NOT NULL,
  `weight` decimal(5,2) NOT NULL COMMENT 'Kilograms',
  `image` varchar(100) NOT NULL,
  `occupation` varchar(50) NOT NULL,
  `email` varchar(50) NOT NULL,
  `citizenship` varchar(25) NOT NULL,
  `_date_created` datetime NOT NULL DEFAULT CURRENT_TIMESTAMP,
  `_date_modified` datetime NOT NULL DEFAULT CURRENT_TIMESTAMP
) ENGINE=InnoDB AUTO_INCREMENT=31 DEFAULT CHARSET=latin1;

--
-- Dumping data for table `contestants`
--

INSERT INTO `contestants` (`id`, `competition_id`, `first_name`, `middle_name`, `last_name`, `birthday`, `BHW`, `height`, `weight`, `image`, `occupation`, `email`, `citizenship`, `_date_created`, `_date_modified`) VALUES
(1, 1, 'Jessa May', 'Mendoza', 'Bonguyan', '1990-05-23', '33-25-33', '5''4"', '48.00', 'uploads/jessa-may-bonguyan.jpg', 'Student', '', 'Filipino', '2015-02-25 22:36:53', '2015-02-25 22:36:53'),
(2, 1, 'Pamela Grace', 'M', 'Janson', '1993-12-01', '33-26-37', '5''7"', '57.00', 'uploads/pamela-grace-janson.jpg', 'Science Laboratory Officer in Charge', '', 'Filipino', '2015-02-25 22:42:32', '2015-02-25 22:42:32'),
(3, 1, 'Ma. Elainizelle Clarice', 'Montojo', 'Tiu', '1992-12-29', '32-24-35', '5''4"', '51.00', 'uploads/ma-elainizelle-clarice-tiu.jpg', 'Tax Auditor', 'claricetiu29@yahoo.com', 'Filipino', '2015-02-25 22:45:13', '2015-02-25 22:45:13'),
(4, 1, 'Shenna', 'Genova', 'Mendoza', '1995-02-13', '32-24-33', '5''9"', '51.00', 'uploads/shenna-mendoza.jpg', 'Photographer', 'shenna_genova@yahoo.com', 'Filipino', '2015-02-25 22:48:32', '2015-02-25 22:48:32'),
(5, 1, 'Charmaine Bless', 'Arcena', 'Shotwell', '1994-11-21', '32-25-33', '5''3"', '45.00', 'uploads/charmaine-bless-shotwell.jpg', 'Students', 'charmaineshotwell21@gmail.com', 'Filipino', '2015-02-25 22:51:38', '2015-02-25 22:51:38'),
(6, 1, 'Elme', 'M.', 'Mansilagan', '1997-03-27', '35-27-35', '5''6"', '55.00', 'uploads/elme-mansilagan.jpg', 'Student', 'elmemansilagan@yahoo.com', 'Filipino', '2015-02-25 22:55:13', '2015-02-25 22:55:13'),
(7, 1, 'Eva June Marie', 'Fiel', 'Sison', '1990-06-16', '34-25-35', '5''7"', '51.00', 'uploads/eva-june-marie-sison.jpg', '', 'junemariesison@yahoo.com', 'Filipino', '2015-02-25 22:57:50', '2015-02-25 22:57:50'),
(8, 1, 'Lucille', 'Ibay', 'Gokotano', '1993-09-21', '34-23-33', '5''6"', '46.00', 'uploads/lucille-gokotano.jpg', 'Customer Service Specialist', 'lucille21tiff@yahoo.com', 'Filipino', '2015-02-25 23:00:24', '2015-02-25 23:00:24'),
(9, 1, 'Chastine Jen', 'Talagtag', 'Montaño', '1995-09-30', '32-27-34', '5''8"', '55.00', 'uploads/chastine-jen-montaño.jpg', 'Student', 'chastinejenmontao@yahoo.com', 'Filipino', '2015-02-25 23:02:15', '2015-02-25 23:02:15'),
(10, 1, 'Mary Nicole', '', 'Bacaltos', '1995-05-26', '36-29-36', '5''5"', '58.00', 'uploads/mary-nicole-bacaltos.jpg', 'Student', 'bacaltosnicole@gmail.com', 'Filipino', '2015-02-25 23:03:58', '2015-02-25 23:03:58'),
(11, 1, 'Jeraldin', 'Abadinas', 'Pedroza', '1995-08-26', '33-26-35', '5''3"', '47.00', 'uploads/jeraldin-pedroza.jpg', 'Student', 'jeraldinpedroza@gmail.com', 'Filipino', '2015-02-25 23:05:14', '2015-02-25 23:05:14'),
(12, 1, 'Daremie', 'Silla', 'Espinosa', '1995-07-22', '32-27-35', '5''3"', '47.00', 'uploads/daremie-espinosa.jpg', 'Student', 'e.daremie@yahoo.com', 'Filipino', '2015-02-25 23:06:32', '2015-02-25 23:06:32'),
(13, 1, 'Regine', 'Lareta', 'Anillo', '1996-04-08', '32-23-33', '5''5"', '50.00', 'uploads/regine-anillo.jpg', 'Student', 'regine_anillo@yahoo.com.ph', 'Filipino', '2015-02-25 23:07:43', '2015-02-25 23:07:43'),
(14, 1, 'Nisreen', 'Salleh', 'Mohammad Khursid', '1994-02-25', '34-25-34', '5''7"', '54.00', 'uploads/nisreen-mohammad-khursid.jpg', 'Student', 'avrilrocks_25@yahoo.com', 'Filipino', '2015-02-25 23:09:49', '2015-02-25 23:09:49'),
(15, 1, 'Wiljeanne', 'Camallere', 'Rodriguez', '1996-04-30', '32-24-33', '5''4"', '44.00', 'uploads/wiljeanne-rodriguez.jpg', 'Student', 'wiljeannerodrihuez@gmail.com', 'Filipino', '2015-02-25 23:11:21', '2015-02-25 23:11:21'),
(16, 1, 'Pamela', '', 'Framil', '1995-03-03', '33-24-34', '5''6"', '48.00', 'uploads/pamela-framil.jpg', 'Student', 'framilpam@gmail.com', 'Filipino', '2015-02-25 23:12:28', '2015-02-25 23:12:28'),
(17, 1, 'Kris Abegail', 'Candolita', 'Guanzon', '1993-11-13', '34-27-36', '5''7"', '56.00', 'uploads/kris-abegail-guanzon.jpg', 'Assistant Manager- Field Sales Dep''t', 'begaiguanzon@gmail.com', 'Filipino', '2015-02-25 23:14:06', '2015-02-25 23:14:06'),
(18, 1, 'Marie Ernestine', '', 'Torro', '1993-08-09', '32-25-34', '5''5"', '55.00', 'uploads/marie-ernestine-torro.jpg', 'Marketing Specialist', 'torromeb@gmail.com', 'Filipino', '2015-02-25 23:16:01', '2015-02-25 23:16:01'),
(19, 1, 'Floreimer', 'G', 'Soriano', '1992-11-25', '32-25-33', '5''6"', '50.00', 'uploads/floreimer-soriano.jpg', 'Public School Teacher', 'floriemeesh@yahoo.com', 'Filipino', '2015-02-25 23:18:19', '2015-02-25 23:18:19'),
(20, 1, 'Christine Joy', 'Andaya', 'Alvarez', '1993-06-10', '35-25-36', '5''6"', '51.00', 'uploads/christine-joy-alvarez.jpg', 'Volunteer Nurse', 'christinealvarez0610@yahoo.com.ph', 'Filipino', '2015-02-25 23:20:45', '2015-02-25 23:20:45'),
(21, 1, 'Thea Margarette', 'R', 'Elipio', '1993-12-27', '33-24-34', '5''4"', '45.00', 'uploads/thea-margarette-elipio.jpg', 'Account Associate, VXI', 'theamargaretteroldanelipeio@gmail.com', 'Filipino', '2015-02-25 23:23:23', '2015-02-25 23:23:23'),
(22, 1, 'Jerzyl', 'Cabasag', 'Añana', '1994-01-16', '32-27-33', '5''4"', '49.00', 'uploads/jerzyl-anaña.jpg', 'Teacher', 'jerzyl.anana@gmail.com', 'Filipino', '2015-02-25 23:29:53', '2015-02-25 23:29:53'),
(23, 1, 'Trishia Joyce', 'Costagera', 'Sosmeña', '1994-08-07', '34-27-34', '5''7"', '52.00', 'uploads/trishia-joyce-sosmeña.jpg', 'Student', 'trishia_91@yahoo.com', 'Filipino', '2015-02-25 23:33:31', '2015-02-25 23:33:31'),
(24, 1, 'Lara Jane', 'Adanza', 'Saquin', '1995-11-21', '33-24-33', '5''4"', '48.00', 'uploads/lara-jane-saquin.jpg', 'Student', 'larajaneadanzasaquin@yahoo.com', 'Filipino', '2015-02-25 23:35:52', '2015-02-25 23:35:52'),
(25, 1, 'Marja Elana', 'Tan', 'Guino-o', '1994-08-02', '33-25-34', '5''4"', '52.00', 'uploads/marja-elana-guino-o.jpg', 'Student', 'marjaguinoo@gmail.com', 'Filipino', '2015-02-25 23:37:32', '2015-02-25 23:37:32'),
(26, 1, 'Ñina Grace', 'Ycong', 'Sartagoda', '1996-01-08', '32-24-33', '5''4"', '45.00', 'uploads/ñina-grace-sartagoda.jpg', 'Student', 'Ninzsartagoda08@yahoo.com.ph', 'Filipino', '2015-02-25 23:39:08', '2015-02-25 23:39:08'),
(27, 1, 'Louise Ann', '', 'Canalija', '1993-03-14', '33-24-33', '5''4"', '48.00', 'uploads/louise-ann canalija.jpg', 'Sales and Marketing Executive', 'louisec.oneblue@gmail.com', 'Filipino', '2015-02-25 23:40:59', '2015-02-25 23:40:59'),
(28, 1, 'Jenefe', 'Ngoho', 'Simbajon', '1988-09-17', '34-27-35', '5''5"', '49.00', 'uploads/jenefe-simbajon.jpg', 'Accounting Staff', 'jenefesimbajon@gmail.com', 'Filipino', '2015-02-25 23:42:36', '2015-02-25 23:42:36'),
(29, 1, 'Darlene Paula', 'C', 'Dichoso', '1996-11-22', '33-25-35', '5''8"', '50.00', 'uploads/darlene-paula dichoso.jpg', 'Student', 'arlene_paw@yahoo.com', 'Filipino', '2015-02-25 23:44:08', '2015-02-25 23:44:08'),
(30, 1, 'Minette', 'Aguio', 'Macaraeg', '1995-02-13', '32-26-34', '5''4"', '50.00', 'uploads/minette-macaraeg.jpg', 'Student', '', 'Filipino', '2015-02-25 23:45:13', '2015-02-25 23:45:13');

-- --------------------------------------------------------

--
-- Table structure for table `contestant_images`
--

CREATE TABLE IF NOT EXISTS `contestant_images` (
`id` int(20) NOT NULL,
  `contestant_id` int(20) NOT NULL,
  `url` text NOT NULL,
  `_date_created` datetime NOT NULL DEFAULT CURRENT_TIMESTAMP,
  `_date_modified` datetime NOT NULL DEFAULT CURRENT_TIMESTAMP
) ENGINE=InnoDB DEFAULT CHARSET=latin1;

-- --------------------------------------------------------

--
-- Table structure for table `criterias`
--

CREATE TABLE IF NOT EXISTS `criterias` (
`id` int(20) NOT NULL,
  `segment_id` int(20) NOT NULL,
  `name` varchar(50) NOT NULL,
  `description` varchar(50) NOT NULL,
  `percentage` decimal(5,2) NOT NULL,
  `visibility` tinyint(1) DEFAULT '1' COMMENT '1: Both 2: Form 3: Report',
  `_date_created` datetime NOT NULL DEFAULT CURRENT_TIMESTAMP,
  `_date_modified` datetime NOT NULL DEFAULT CURRENT_TIMESTAMP
) ENGINE=InnoDB AUTO_INCREMENT=17 DEFAULT CHARSET=latin1;

--
-- Dumping data for table `criterias`
--

INSERT INTO `criterias` (`id`, `segment_id`, `name`, `description`, `percentage`, `visibility`, `_date_created`, `_date_modified`) VALUES
(1, 1, 'Intelligence', 'Intelligence', '25.00', 1, '2015-02-12 00:11:52', '2015-02-12 00:11:52'),
(2, 1, 'Personality', 'Personality', '25.00', 1, '2015-02-12 00:11:52', '2015-02-12 00:11:52'),
(3, 1, 'Casual', 'Casual Competition', '20.00', 1, '2015-02-12 00:12:28', '2015-02-12 00:12:28'),
(4, 1, 'Long Gown', 'Long Gown Competition', '20.00', 1, '2015-02-12 00:12:28', '2015-02-12 00:12:28'),
(5, 1, 'Deportment', 'Deportment', '10.00', 3, '2015-02-12 00:13:36', '2015-02-12 00:13:36'),
(6, 2, 'Talent', 'Special skills, abilities and uniqueness of talent', '30.00', 1, '2015-02-12 00:13:36', '2015-02-12 00:13:36'),
(7, 2, 'Performance', 'Performance and execution', '30.00', 1, '2015-02-12 00:14:03', '2015-02-12 00:14:03'),
(8, 2, 'Showmanship', 'Showmanship', '15.00', 1, '2015-02-12 00:14:03', '2015-02-12 00:14:03'),
(9, 2, 'Over-all Impact', 'Over-all impact', '15.00', 1, '2015-02-12 00:14:29', '2015-02-12 00:14:29'),
(10, 2, 'Deportment', 'Deportment', '10.00', 3, '2015-02-12 00:14:29', '2015-02-12 00:14:29'),
(11, 3, 'INT', 'Intelligence', '25.00', 1, '2015-02-12 00:15:08', '2015-02-12 00:15:08'),
(12, 3, 'PER', 'Personality', '30.00', 1, '2015-02-12 00:15:08', '2015-02-12 00:15:08'),
(13, 3, 'CC', 'Casual Competition', '15.00', 1, '2015-02-12 00:15:37', '2015-02-12 00:15:37'),
(14, 3, 'LGC', 'Long Gown Competition', '15.00', 1, '2015-02-12 00:15:37', '2015-02-12 00:15:37'),
(16, 4, 'QA', 'Question and answer', '50.00', 1, '2015-02-12 00:16:34', '2015-02-12 00:16:34');

-- --------------------------------------------------------

--
-- Table structure for table `criteria_scores`
--

CREATE TABLE IF NOT EXISTS `criteria_scores` (
`id` int(20) NOT NULL,
  `criteria_id` int(20) NOT NULL,
  `segment_judge_id` int(20) NOT NULL,
  `segment_contestant_id` int(20) NOT NULL,
  `score` decimal(5,2) NOT NULL,
  `_date_created` datetime NOT NULL DEFAULT CURRENT_TIMESTAMP,
  `_date_modified` datetime NOT NULL DEFAULT CURRENT_TIMESTAMP
) ENGINE=InnoDB AUTO_INCREMENT=853 DEFAULT CHARSET=latin1;

--
-- Dumping data for table `criteria_scores`
--

INSERT INTO `criteria_scores` (`id`, `criteria_id`, `segment_judge_id`, `segment_contestant_id`, `score`, `_date_created`, `_date_modified`) VALUES
(1, 3, 1, 1, '17.00', '2015-02-28 18:41:03', '2015-02-28 18:41:03'),
(2, 3, 1, 2, '16.00', '2015-02-28 18:41:12', '2015-02-28 18:41:12'),
(3, 3, 1, 3, '17.50', '2015-02-28 18:41:21', '2015-02-28 18:41:21'),
(4, 3, 1, 4, '15.50', '2015-02-28 18:41:36', '2015-02-28 18:41:36'),
(5, 3, 1, 5, '15.00', '2015-02-28 18:41:56', '2015-02-28 18:41:56'),
(6, 3, 1, 6, '17.70', '2015-02-28 18:42:59', '2015-02-28 18:42:59'),
(7, 3, 1, 7, '14.00', '2015-02-28 18:43:29', '2015-02-28 18:43:29'),
(8, 3, 1, 8, '14.50', '2015-02-28 18:43:55', '2015-02-28 18:43:55'),
(9, 3, 1, 9, '16.50', '2015-02-28 18:44:26', '2015-02-28 18:44:26'),
(10, 3, 1, 10, '17.30', '2015-02-28 18:44:57', '2015-02-28 18:44:57'),
(11, 3, 1, 11, '15.50', '2015-02-28 18:46:00', '2015-02-28 18:46:00'),
(12, 3, 1, 12, '14.00', '2015-02-28 18:46:25', '2015-02-28 18:46:25'),
(13, 3, 1, 13, '17.60', '2015-02-28 18:46:59', '2015-02-28 18:46:59'),
(14, 3, 1, 14, '18.50', '2015-02-28 18:47:39', '2015-02-28 18:47:39'),
(15, 3, 1, 15, '15.00', '2015-02-28 18:47:58', '2015-02-28 18:47:58'),
(16, 3, 1, 16, '18.70', '2015-02-28 18:49:06', '2015-02-28 18:49:06'),
(17, 3, 1, 17, '18.00', '2015-02-28 18:49:24', '2015-02-28 18:49:24'),
(18, 3, 1, 18, '16.70', '2015-02-28 18:49:45', '2015-02-28 18:49:45'),
(19, 3, 1, 19, '17.00', '2015-02-28 18:50:16', '2015-02-28 18:50:16'),
(20, 3, 1, 20, '17.50', '2015-02-28 18:50:39', '2015-02-28 18:50:39'),
(21, 3, 1, 21, '15.40', '2015-02-28 18:51:36', '2015-02-28 18:51:36'),
(22, 3, 1, 22, '16.30', '2015-02-28 18:52:06', '2015-02-28 18:52:06'),
(23, 3, 1, 23, '15.20', '2015-02-28 18:52:30', '2015-02-28 18:52:30'),
(24, 3, 1, 24, '16.80', '2015-02-28 18:52:58', '2015-02-28 18:52:58'),
(25, 3, 1, 25, '15.10', '2015-02-28 18:53:18', '2015-02-28 18:53:18'),
(26, 3, 1, 26, '18.40', '2015-02-28 18:54:28', '2015-02-28 18:54:28'),
(27, 3, 1, 27, '14.00', '2015-02-28 18:54:45', '2015-02-28 18:54:45'),
(28, 3, 1, 28, '16.30', '2015-02-28 18:55:15', '2015-02-28 18:55:15'),
(29, 3, 1, 29, '15.00', '2015-02-28 18:55:35', '2015-02-28 18:55:35'),
(30, 3, 1, 30, '18.20', '2015-02-28 18:56:12', '2015-02-28 18:56:12'),
(31, 3, 2, 1, '14.00', '2015-02-28 19:08:49', '2015-02-28 19:08:49'),
(32, 3, 2, 2, '15.00', '2015-02-28 19:09:23', '2015-02-28 19:09:23'),
(33, 3, 2, 3, '13.00', '2015-02-28 19:09:50', '2015-02-28 19:09:50'),
(34, 3, 2, 4, '13.00', '2015-02-28 19:10:18', '2015-02-28 19:10:18'),
(35, 3, 2, 5, '14.00', '2015-02-28 19:10:39', '2015-02-28 19:10:39'),
(36, 3, 2, 6, '14.00', '2015-02-28 19:11:02', '2015-02-28 19:11:02'),
(37, 3, 2, 7, '15.00', '2015-02-28 19:11:30', '2015-02-28 19:11:30'),
(38, 3, 2, 8, '13.00', '2015-02-28 19:12:08', '2015-02-28 19:12:08'),
(39, 3, 2, 9, '15.00', '2015-02-28 19:12:39', '2015-02-28 19:12:39'),
(40, 3, 2, 10, '15.00', '2015-02-28 19:13:37', '2015-02-28 19:13:37'),
(41, 3, 2, 11, '14.00', '2015-02-28 19:14:01', '2015-02-28 19:14:01'),
(42, 3, 2, 12, '15.00', '2015-02-28 19:14:27', '2015-02-28 19:14:27'),
(43, 3, 2, 13, '16.00', '2015-02-28 19:14:56', '2015-02-28 19:14:56'),
(44, 3, 2, 14, '18.15', '2015-02-28 19:15:31', '2015-02-28 19:15:31'),
(45, 3, 2, 15, '15.00', '2015-02-28 19:15:53', '2015-02-28 19:15:53'),
(46, 3, 2, 16, '19.00', '2015-02-28 19:16:11', '2015-02-28 19:16:11'),
(47, 3, 2, 17, '16.00', '2015-02-28 19:16:33', '2015-02-28 19:16:33'),
(48, 3, 2, 18, '17.00', '2015-02-28 19:16:56', '2015-02-28 19:16:56'),
(49, 3, 2, 19, '17.00', '2015-02-28 19:17:18', '2015-02-28 19:17:18'),
(50, 3, 2, 20, '19.00', '2015-02-28 19:18:01', '2015-02-28 19:18:01'),
(51, 3, 2, 21, '14.00', '2015-02-28 19:18:24', '2015-02-28 19:18:24'),
(52, 3, 2, 22, '16.00', '2015-02-28 19:18:51', '2015-02-28 19:18:51'),
(53, 3, 2, 23, '18.00', '2015-02-28 19:19:15', '2015-02-28 19:19:15'),
(54, 3, 2, 24, '17.00', '2015-02-28 19:19:40', '2015-02-28 19:19:40'),
(55, 3, 2, 25, '17.00', '2015-02-28 19:20:06', '2015-02-28 19:20:06'),
(56, 3, 2, 26, '17.00', '2015-02-28 19:20:25', '2015-02-28 19:20:25'),
(57, 3, 2, 27, '15.00', '2015-02-28 19:20:56', '2015-02-28 19:20:56'),
(58, 3, 2, 28, '18.00', '2015-02-28 19:21:14', '2015-02-28 19:21:14'),
(59, 3, 2, 29, '18.00', '2015-02-28 19:21:22', '2015-02-28 19:21:22'),
(60, 3, 4, 1, '18.00', '2015-02-28 19:23:49', '2015-02-28 19:23:49'),
(61, 3, 4, 2, '18.00', '2015-02-28 19:23:52', '2015-02-28 19:23:52'),
(62, 3, 4, 3, '18.00', '2015-02-28 19:24:08', '2015-02-28 19:24:08'),
(63, 3, 4, 4, '15.00', '2015-02-28 19:24:21', '2015-02-28 19:24:21'),
(64, 3, 4, 5, '15.00', '2015-02-28 19:24:37', '2015-02-28 19:24:37'),
(65, 3, 4, 6, '17.00', '2015-02-28 19:24:49', '2015-02-28 19:24:49'),
(66, 3, 4, 7, '15.00', '2015-02-28 19:25:00', '2015-02-28 19:25:00'),
(67, 3, 4, 8, '19.00', '2015-02-28 19:25:12', '2015-02-28 19:25:12'),
(68, 3, 4, 9, '18.00', '2015-02-28 19:25:23', '2015-02-28 19:25:23'),
(69, 3, 4, 10, '14.00', '2015-02-28 19:25:34', '2015-02-28 19:25:34'),
(70, 3, 4, 11, '14.00', '2015-02-28 19:25:45', '2015-02-28 19:25:45'),
(71, 3, 4, 12, '16.00', '2015-02-28 19:26:00', '2015-02-28 19:26:00'),
(72, 3, 4, 13, '18.00', '2015-02-28 19:26:11', '2015-02-28 19:26:11'),
(73, 3, 4, 14, '19.00', '2015-02-28 19:26:18', '2015-02-28 19:26:18'),
(74, 3, 4, 15, '16.00', '2015-02-28 19:26:30', '2015-02-28 19:26:30'),
(75, 3, 4, 16, '18.00', '2015-02-28 19:26:37', '2015-02-28 19:26:37'),
(76, 3, 4, 17, '18.00', '2015-02-28 19:26:51', '2015-02-28 19:26:51'),
(77, 3, 4, 18, '16.00', '2015-02-28 19:27:03', '2015-02-28 19:27:03'),
(78, 3, 4, 19, '16.00', '2015-02-28 19:27:31', '2015-02-28 19:27:31'),
(79, 3, 4, 20, '19.00', '2015-02-28 19:27:47', '2015-02-28 19:27:47'),
(80, 3, 4, 21, '14.00', '2015-02-28 19:27:55', '2015-02-28 19:27:55'),
(81, 3, 4, 22, '14.00', '2015-02-28 19:27:57', '2015-02-28 19:27:57'),
(82, 3, 4, 23, '16.00', '2015-02-28 19:28:16', '2015-02-28 19:28:16'),
(83, 3, 4, 24, '17.00', '2015-02-28 19:28:43', '2015-02-28 19:28:43'),
(84, 3, 4, 25, '14.00', '2015-02-28 19:28:55', '2015-02-28 19:28:55'),
(85, 3, 4, 26, '17.00', '2015-02-28 19:29:07', '2015-02-28 19:29:07'),
(86, 3, 4, 27, '18.00', '2015-02-28 19:29:15', '2015-02-28 19:29:15'),
(87, 3, 4, 28, '18.00', '2015-02-28 19:29:30', '2015-02-28 19:29:30'),
(88, 3, 4, 29, '19.00', '2015-02-28 19:29:46', '2015-02-28 19:29:46'),
(89, 3, 4, 30, '18.00', '2015-02-28 19:29:59', '2015-02-28 19:29:59'),
(90, 3, 2, 30, '18.00', '2015-02-28 19:31:41', '2015-02-28 19:31:41'),
(91, 4, 1, 1, '14.00', '2015-02-28 19:31:43', '2015-02-28 19:31:43'),
(92, 2, 1, 1, '14.50', '2015-02-28 19:31:50', '2015-02-28 19:31:50'),
(93, 4, 2, 1, '19.00', '2015-02-28 19:32:39', '2015-02-28 19:32:39'),
(94, 4, 1, 2, '17.00', '2015-02-28 19:32:41', '2015-02-28 19:32:41'),
(95, 2, 1, 2, '19.50', '2015-02-28 19:32:44', '2015-02-28 19:32:44'),
(96, 4, 2, 2, '17.00', '2015-02-28 19:33:19', '2015-02-28 19:33:19'),
(97, 4, 1, 3, '15.00', '2015-02-28 19:33:45', '2015-02-28 19:33:45'),
(98, 2, 1, 3, '15.20', '2015-02-28 19:33:49', '2015-02-28 19:33:49'),
(99, 4, 1, 4, '13.00', '2015-02-28 19:34:06', '2015-02-28 19:34:06'),
(100, 4, 2, 3, '15.00', '2015-02-28 19:34:21', '2015-02-28 19:34:21'),
(101, 2, 1, 4, '14.00', '2015-02-28 19:34:22', '2015-02-28 19:34:22'),
(102, 4, 2, 4, '18.00', '2015-02-28 19:35:08', '2015-02-28 19:35:08'),
(103, 4, 1, 5, '16.00', '2015-02-28 19:35:10', '2015-02-28 19:35:10'),
(104, 2, 1, 5, '17.00', '2015-02-28 19:35:19', '2015-02-28 19:35:19'),
(105, 4, 2, 5, '17.00', '2015-02-28 19:36:27', '2015-02-28 19:36:27'),
(106, 4, 1, 6, '17.00', '2015-02-28 19:36:28', '2015-02-28 19:36:28'),
(107, 2, 1, 6, '18.90', '2015-02-28 19:36:33', '2015-02-28 19:36:33'),
(108, 4, 2, 6, '15.00', '2015-02-28 19:37:03', '2015-02-28 19:37:03'),
(109, 4, 1, 7, '16.00', '2015-02-28 19:37:04', '2015-02-28 19:37:04'),
(110, 2, 1, 7, '17.80', '2015-02-28 19:37:08', '2015-02-28 19:37:08'),
(111, 4, 2, 7, '19.00', '2015-02-28 19:38:00', '2015-02-28 19:38:00'),
(112, 4, 1, 8, '15.00', '2015-02-28 19:38:09', '2015-02-28 19:38:09'),
(113, 2, 1, 8, '17.00', '2015-02-28 19:38:13', '2015-02-28 19:38:13'),
(114, 4, 1, 9, '16.00', '2015-02-28 19:38:49', '2015-02-28 19:38:49'),
(115, 4, 2, 8, '18.00', '2015-02-28 19:38:53', '2015-02-28 19:38:53'),
(116, 2, 1, 9, '18.00', '2015-02-28 19:38:54', '2015-02-28 19:38:54'),
(117, 4, 1, 10, '15.60', '2015-02-28 19:39:28', '2015-02-28 19:39:28'),
(118, 4, 2, 9, '17.00', '2015-02-28 19:39:31', '2015-02-28 19:39:31'),
(119, 2, 1, 10, '19.00', '2015-02-28 19:39:34', '2015-02-28 19:39:34'),
(120, 4, 2, 10, '15.00', '2015-02-28 19:41:35', '2015-02-28 19:41:35'),
(121, 4, 1, 11, '16.00', '2015-02-28 19:42:03', '2015-02-28 19:42:03'),
(122, 4, 2, 11, '17.00', '2015-02-28 19:42:04', '2015-02-28 19:42:04'),
(123, 2, 1, 11, '18.00', '2015-02-28 19:42:06', '2015-02-28 19:42:06'),
(124, 4, 1, 12, '14.00', '2015-02-28 19:42:40', '2015-02-28 19:42:40'),
(125, 2, 1, 12, '16.00', '2015-02-28 19:42:43', '2015-02-28 19:42:43'),
(126, 4, 2, 12, '18.00', '2015-02-28 19:43:42', '2015-02-28 19:43:42'),
(127, 4, 1, 13, '16.20', '2015-02-28 19:43:45', '2015-02-28 19:43:45'),
(128, 2, 1, 13, '21.00', '2015-02-28 19:43:48', '2015-02-28 19:43:48'),
(129, 4, 2, 13, '18.00', '2015-02-28 19:44:38', '2015-02-28 19:44:38'),
(130, 4, 1, 14, '19.00', '2015-02-28 19:44:50', '2015-02-28 19:44:50'),
(131, 2, 1, 14, '23.00', '2015-02-28 19:44:51', '2015-02-28 19:44:51'),
(132, 4, 1, 15, '15.00', '2015-02-28 19:45:26', '2015-02-28 19:45:26'),
(133, 2, 1, 15, '18.00', '2015-02-28 19:45:28', '2015-02-28 19:45:28'),
(134, 4, 2, 14, '19.00', '2015-02-28 19:45:35', '2015-02-28 19:45:35'),
(135, 4, 1, 16, '18.00', '2015-02-28 19:47:00', '2015-02-28 19:47:00'),
(136, 2, 1, 16, '23.50', '2015-02-28 19:47:04', '2015-02-28 19:47:04'),
(137, 4, 2, 15, '19.00', '2015-02-28 19:47:11', '2015-02-28 19:47:11'),
(138, 4, 2, 16, '20.00', '2015-02-28 19:47:47', '2015-02-28 19:47:47'),
(139, 4, 1, 17, '16.00', '2015-02-28 19:47:48', '2015-02-28 19:47:48'),
(140, 2, 1, 17, '21.50', '2015-02-28 19:47:52', '2015-02-28 19:47:52'),
(141, 4, 2, 17, '18.00', '2015-02-28 19:48:54', '2015-02-28 19:48:54'),
(142, 4, 1, 18, '18.70', '2015-02-28 19:48:54', '2015-02-28 19:48:54'),
(143, 2, 1, 18, '21.00', '2015-02-28 19:48:57', '2015-02-28 19:48:57'),
(144, 4, 1, 19, '17.00', '2015-02-28 19:49:34', '2015-02-28 19:49:34'),
(145, 4, 2, 18, '19.00', '2015-02-28 19:49:34', '2015-02-28 19:49:34'),
(146, 2, 1, 19, '19.00', '2015-02-28 19:49:36', '2015-02-28 19:49:36'),
(147, 4, 1, 20, '18.00', '2015-02-28 19:49:59', '2015-02-28 19:49:59'),
(148, 2, 1, 20, '22.00', '2015-02-28 19:50:01', '2015-02-28 19:50:01'),
(149, 4, 2, 19, '18.00', '2015-02-28 19:50:08', '2015-02-28 19:50:08'),
(150, 4, 1, 21, '16.00', '2015-02-28 19:51:33', '2015-02-28 19:51:33'),
(151, 2, 1, 21, '18.00', '2015-02-28 19:51:35', '2015-02-28 19:51:35'),
(152, 4, 2, 20, '19.00', '2015-02-28 19:51:36', '2015-02-28 19:51:36'),
(153, 4, 2, 21, '17.00', '2015-02-28 19:52:15', '2015-02-28 19:52:15'),
(154, 4, 1, 22, '16.30', '2015-02-28 19:52:19', '2015-02-28 19:52:19'),
(155, 2, 1, 22, '21.20', '2015-02-28 19:52:23', '2015-02-28 19:52:23'),
(156, 4, 2, 22, '17.00', '2015-02-28 19:52:46', '2015-02-28 19:52:46'),
(157, 4, 1, 23, '17.00', '2015-02-28 19:52:50', '2015-02-28 19:52:50'),
(158, 2, 1, 23, '18.00', '2015-02-28 19:52:52', '2015-02-28 19:52:52'),
(159, 4, 1, 24, '15.00', '2015-02-28 19:53:39', '2015-02-28 19:53:39'),
(160, 2, 1, 24, '19.00', '2015-02-28 19:53:42', '2015-02-28 19:53:42'),
(161, 4, 2, 23, '19.00', '2015-02-28 19:53:47', '2015-02-28 19:53:47'),
(162, 4, 1, 25, '16.00', '2015-02-28 19:54:42', '2015-02-28 19:54:42'),
(163, 4, 2, 24, '19.00', '2015-02-28 19:54:44', '2015-02-28 19:54:44'),
(164, 2, 1, 25, '18.00', '2015-02-28 19:54:47', '2015-02-28 19:54:47'),
(165, 4, 1, 26, '16.00', '2015-02-28 19:56:01', '2015-02-28 19:56:01'),
(166, 4, 2, 25, '19.00', '2015-02-28 19:56:01', '2015-02-28 19:56:01'),
(167, 2, 1, 26, '23.00', '2015-02-28 19:56:04', '2015-02-28 19:56:04'),
(168, 4, 1, 27, '17.00', '2015-02-28 19:56:45', '2015-02-28 19:56:45'),
(169, 2, 1, 27, '20.00', '2015-02-28 19:56:48', '2015-02-28 19:56:48'),
(170, 4, 2, 26, '18.00', '2015-02-28 19:56:48', '2015-02-28 19:56:48'),
(171, 4, 2, 27, '19.00', '2015-02-28 19:57:38', '2015-02-28 19:57:38'),
(172, 4, 1, 28, '18.00', '2015-02-28 19:57:39', '2015-02-28 19:57:39'),
(173, 2, 1, 28, '23.00', '2015-02-28 19:57:41', '2015-02-28 19:57:41'),
(174, 4, 2, 28, '20.00', '2015-02-28 19:58:06', '2015-02-28 19:58:06'),
(175, 4, 1, 29, '15.00', '2015-02-28 19:58:09', '2015-02-28 19:58:09'),
(176, 2, 1, 29, '18.00', '2015-02-28 19:58:11', '2015-02-28 19:58:11'),
(177, 4, 2, 29, '17.00', '2015-02-28 19:58:37', '2015-02-28 19:58:37'),
(178, 4, 1, 30, '18.00', '2015-02-28 19:58:45', '2015-02-28 19:58:45'),
(179, 2, 1, 30, '22.60', '2015-02-28 19:58:50', '2015-02-28 19:58:50'),
(180, 4, 4, 24, '18.00', '2015-02-28 20:00:02', '2015-02-28 20:00:02'),
(181, 4, 4, 25, '17.00', '2015-02-28 20:00:04', '2015-02-28 20:00:04'),
(182, 4, 4, 30, '19.00', '2015-02-28 20:00:36', '2015-02-28 20:00:36'),
(183, 4, 4, 29, '18.00', '2015-02-28 20:00:39', '2015-02-28 20:00:39'),
(184, 4, 4, 28, '19.00', '2015-02-28 20:00:59', '2015-02-28 20:00:59'),
(185, 4, 4, 27, '18.00', '2015-02-28 20:01:04', '2015-02-28 20:01:04'),
(186, 4, 2, 30, '17.00', '2015-02-28 20:06:51', '2015-02-28 20:06:51'),
(187, 1, 1, 1, '20.00', '2015-02-28 20:07:23', '2015-02-28 20:07:23'),
(188, 5, 1, 1, '7.00', '2015-02-28 20:07:25', '2015-02-28 20:07:25'),
(189, 1, 5, 1, '20.00', '2015-02-28 20:07:38', '2015-02-28 20:07:38'),
(190, 2, 5, 1, '20.00', '2015-02-28 20:08:00', '2015-02-28 20:08:00'),
(191, 3, 5, 1, '15.00', '2015-02-28 20:08:04', '2015-02-28 20:08:04'),
(192, 4, 5, 1, '12.00', '2015-02-28 20:08:17', '2015-02-28 20:08:17'),
(193, 1, 2, 1, '18.00', '2015-02-28 20:09:11', '2015-02-28 20:09:11'),
(194, 5, 5, 1, '8.00', '2015-02-28 20:09:26', '2015-02-28 20:09:26'),
(195, 1, 5, 2, '15.00', '2015-02-28 20:09:41', '2015-02-28 20:09:41'),
(196, 2, 5, 2, '15.00', '2015-02-28 20:09:44', '2015-02-28 20:09:44'),
(197, 3, 5, 2, '12.00', '2015-02-28 20:09:49', '2015-02-28 20:09:49'),
(198, 1, 2, 2, '22.00', '2015-02-28 20:09:55', '2015-02-28 20:09:55'),
(199, 4, 5, 2, '10.00', '2015-02-28 20:09:56', '2015-02-28 20:09:56'),
(200, 5, 5, 2, '7.00', '2015-02-28 20:10:06', '2015-02-28 20:10:06'),
(201, 1, 1, 2, '18.00', '2015-02-28 20:11:08', '2015-02-28 20:11:08'),
(202, 1, 1, 3, '17.00', '2015-02-28 20:11:14', '2015-02-28 20:11:14'),
(203, 1, 5, 3, '18.00', '2015-02-28 20:11:26', '2015-02-28 20:11:26'),
(204, 2, 5, 3, '18.00', '2015-02-28 20:11:29', '2015-02-28 20:11:29'),
(205, 3, 5, 3, '14.00', '2015-02-28 20:11:32', '2015-02-28 20:11:32'),
(206, 4, 5, 3, '15.00', '2015-02-28 20:11:36', '2015-02-28 20:11:36'),
(207, 5, 5, 3, '8.00', '2015-02-28 20:11:40', '2015-02-28 20:11:40'),
(208, 1, 2, 3, '21.00', '2015-02-28 20:12:31', '2015-02-28 20:12:31'),
(209, 1, 5, 4, '18.00', '2015-02-28 20:12:50', '2015-02-28 20:12:50'),
(210, 1, 1, 4, '18.00', '2015-02-28 20:12:54', '2015-02-28 20:12:54'),
(211, 2, 5, 4, '18.00', '2015-02-28 20:12:58', '2015-02-28 20:12:58'),
(212, 3, 5, 4, '12.00', '2015-02-28 20:13:04', '2015-02-28 20:13:04'),
(213, 4, 5, 4, '10.00', '2015-02-28 20:13:09', '2015-02-28 20:13:09'),
(214, 5, 5, 4, '7.00', '2015-02-28 20:13:15', '2015-02-28 20:13:15'),
(215, 1, 2, 4, '22.00', '2015-02-28 20:13:49', '2015-02-28 20:13:49'),
(216, 1, 1, 5, '20.00', '2015-02-28 20:13:52', '2015-02-28 20:13:52'),
(217, 5, 1, 5, '7.00', '2015-02-28 20:13:54', '2015-02-28 20:13:54'),
(218, 1, 2, 5, '23.00', '2015-02-28 20:13:55', '2015-02-28 20:13:55'),
(219, 1, 5, 5, '20.00', '2015-02-28 20:14:27', '2015-02-28 20:14:27'),
(220, 2, 5, 5, '20.00', '2015-02-28 20:14:30', '2015-02-28 20:14:30'),
(221, 3, 5, 5, '15.00', '2015-02-28 20:14:34', '2015-02-28 20:14:34'),
(222, 4, 5, 5, '18.00', '2015-02-28 20:14:38', '2015-02-28 20:14:38'),
(223, 5, 5, 5, '8.00', '2015-02-28 20:14:46', '2015-02-28 20:14:46'),
(224, 1, 1, 6, '20.00', '2015-02-28 20:15:18', '2015-02-28 20:15:18'),
(225, 5, 1, 6, '7.00', '2015-02-28 20:15:25', '2015-02-28 20:15:25'),
(226, 1, 5, 6, '15.00', '2015-02-28 20:15:39', '2015-02-28 20:15:39'),
(227, 2, 5, 6, '15.00', '2015-02-28 20:15:43', '2015-02-28 20:15:43'),
(228, 3, 5, 6, '12.00', '2015-02-28 20:15:46', '2015-02-28 20:15:46'),
(229, 4, 5, 6, '10.00', '2015-02-28 20:15:49', '2015-02-28 20:15:49'),
(230, 5, 5, 6, '7.00', '2015-02-28 20:15:52', '2015-02-28 20:15:52'),
(231, 1, 2, 6, '19.00', '2015-02-28 20:17:41', '2015-02-28 20:17:41'),
(232, 1, 1, 7, '20.00', '2015-02-28 20:17:44', '2015-02-28 20:17:44'),
(233, 5, 1, 7, '7.00', '2015-02-28 20:17:46', '2015-02-28 20:17:46'),
(234, 1, 5, 7, '22.00', '2015-02-28 20:17:54', '2015-02-28 20:17:54'),
(235, 2, 5, 7, '22.00', '2015-02-28 20:17:56', '2015-02-28 20:17:56'),
(236, 3, 5, 7, '15.00', '2015-02-28 20:17:59', '2015-02-28 20:17:59'),
(237, 4, 5, 7, '12.00', '2015-02-28 20:18:14', '2015-02-28 20:18:14'),
(238, 5, 5, 7, '9.00', '2015-02-28 20:18:28', '2015-02-28 20:18:28'),
(239, 1, 2, 7, '23.00', '2015-02-28 20:19:27', '2015-02-28 20:19:27'),
(240, 1, 5, 8, '18.00', '2015-02-28 20:19:37', '2015-02-28 20:19:37'),
(241, 2, 5, 8, '18.00', '2015-02-28 20:19:40', '2015-02-28 20:19:40'),
(242, 3, 5, 8, '12.00', '2015-02-28 20:19:43', '2015-02-28 20:19:43'),
(243, 1, 1, 8, '21.00', '2015-02-28 20:19:47', '2015-02-28 20:19:47'),
(244, 5, 1, 8, '7.00', '2015-02-28 20:19:52', '2015-02-28 20:19:52'),
(245, 4, 5, 8, '17.00', '2015-02-28 20:20:03', '2015-02-28 20:20:03'),
(246, 5, 5, 8, '7.00', '2015-02-28 20:20:14', '2015-02-28 20:20:14'),
(247, 1, 2, 8, '21.00', '2015-02-28 20:20:23', '2015-02-28 20:20:23'),
(248, 1, 1, 9, '23.00', '2015-02-28 20:21:08', '2015-02-28 20:21:08'),
(249, 5, 1, 9, '8.00', '2015-02-28 20:21:10', '2015-02-28 20:21:10'),
(250, 1, 2, 9, '24.00', '2015-02-28 20:21:18', '2015-02-28 20:21:18'),
(251, 1, 5, 9, '22.00', '2015-02-28 20:21:23', '2015-02-28 20:21:23'),
(252, 2, 5, 9, '22.00', '2015-02-28 20:21:26', '2015-02-28 20:21:26'),
(253, 3, 5, 9, '15.00', '2015-02-28 20:21:28', '2015-02-28 20:21:28'),
(254, 4, 5, 9, '12.00', '2015-02-28 20:21:34', '2015-02-28 20:21:34'),
(255, 5, 5, 9, '8.00', '2015-02-28 20:21:38', '2015-02-28 20:21:38'),
(256, 1, 1, 10, '23.50', '2015-02-28 20:23:11', '2015-02-28 20:23:11'),
(257, 1, 2, 10, '22.00', '2015-02-28 20:23:12', '2015-02-28 20:23:12'),
(258, 5, 1, 10, '8.50', '2015-02-28 20:23:15', '2015-02-28 20:23:15'),
(259, 1, 5, 10, '18.00', '2015-02-28 20:23:21', '2015-02-28 20:23:21'),
(260, 2, 5, 10, '18.00', '2015-02-28 20:23:24', '2015-02-28 20:23:24'),
(261, 3, 5, 10, '12.00', '2015-02-28 20:23:26', '2015-02-28 20:23:26'),
(262, 4, 5, 10, '10.00', '2015-02-28 20:23:31', '2015-02-28 20:23:31'),
(263, 5, 5, 10, '7.00', '2015-02-28 20:23:33', '2015-02-28 20:23:33'),
(264, 1, 1, 11, '21.00', '2015-02-28 20:25:06', '2015-02-28 20:25:06'),
(265, 5, 1, 11, '7.50', '2015-02-28 20:25:08', '2015-02-28 20:25:08'),
(266, 1, 5, 11, '19.00', '2015-02-28 20:25:13', '2015-02-28 20:25:13'),
(267, 2, 5, 11, '19.00', '2015-02-28 20:25:16', '2015-02-28 20:25:16'),
(268, 3, 5, 11, '12.00', '2015-02-28 20:25:19', '2015-02-28 20:25:19'),
(269, 4, 5, 11, '10.00', '2015-02-28 20:25:26', '2015-02-28 20:25:26'),
(270, 5, 5, 11, '7.00', '2015-02-28 20:25:29', '2015-02-28 20:25:29'),
(271, 1, 2, 11, '23.00', '2015-02-28 20:25:55', '2015-02-28 20:25:55'),
(272, 1, 1, 12, '24.00', '2015-02-28 20:26:49', '2015-02-28 20:26:49'),
(273, 5, 1, 12, '8.00', '2015-02-28 20:26:51', '2015-02-28 20:26:51'),
(274, 1, 5, 12, '20.00', '2015-02-28 20:27:01', '2015-02-28 20:27:01'),
(275, 2, 5, 12, '20.00', '2015-02-28 20:27:04', '2015-02-28 20:27:04'),
(276, 3, 5, 12, '15.00', '2015-02-28 20:27:08', '2015-02-28 20:27:08'),
(277, 4, 5, 12, '12.00', '2015-02-28 20:27:12', '2015-02-28 20:27:12'),
(278, 5, 5, 12, '8.00', '2015-02-28 20:27:14', '2015-02-28 20:27:14'),
(279, 1, 2, 12, '24.00', '2015-02-28 20:27:35', '2015-02-28 20:27:35'),
(280, 1, 5, 13, '22.00', '2015-02-28 20:28:31', '2015-02-28 20:28:31'),
(281, 2, 5, 13, '22.00', '2015-02-28 20:28:33', '2015-02-28 20:28:33'),
(282, 1, 1, 13, '21.00', '2015-02-28 20:28:45', '2015-02-28 20:28:45'),
(283, 5, 1, 13, '7.00', '2015-02-28 20:28:49', '2015-02-28 20:28:49'),
(284, 4, 5, 13, '12.00', '2015-02-28 20:28:54', '2015-02-28 20:28:54'),
(285, 5, 5, 13, '8.00', '2015-02-28 20:28:57', '2015-02-28 20:28:57'),
(286, 3, 5, 13, '15.00', '2015-02-28 20:29:10', '2015-02-28 20:29:10'),
(287, 1, 2, 13, '23.23', '2015-02-28 20:30:32', '2015-02-28 20:30:32'),
(288, 1, 1, 14, '23.50', '2015-02-28 20:30:40', '2015-02-28 20:30:40'),
(289, 1, 2, 14, '23.00', '2015-02-28 20:30:42', '2015-02-28 20:30:42'),
(290, 5, 1, 14, '9.50', '2015-02-28 20:30:42', '2015-02-28 20:30:42'),
(291, 1, 5, 14, '20.00', '2015-02-28 20:30:47', '2015-02-28 20:30:47'),
(292, 2, 5, 14, '20.00', '2015-02-28 20:30:49', '2015-02-28 20:30:49'),
(293, 3, 5, 14, '18.00', '2015-02-28 20:30:52', '2015-02-28 20:30:52'),
(294, 4, 5, 14, '19.00', '2015-02-28 20:30:55', '2015-02-28 20:30:55'),
(295, 5, 5, 14, '9.00', '2015-02-28 20:30:57', '2015-02-28 20:30:57'),
(296, 1, 1, 15, '19.00', '2015-02-28 20:32:20', '2015-02-28 20:32:20'),
(297, 1, 2, 15, '22.00', '2015-02-28 20:32:24', '2015-02-28 20:32:24'),
(298, 5, 1, 15, '7.50', '2015-02-28 20:32:24', '2015-02-28 20:32:24'),
(299, 1, 5, 15, '17.00', '2015-02-28 20:32:36', '2015-02-28 20:32:36'),
(300, 2, 5, 15, '17.00', '2015-02-28 20:32:39', '2015-02-28 20:32:39'),
(301, 3, 5, 15, '12.00', '2015-02-28 20:32:41', '2015-02-28 20:32:41'),
(302, 4, 5, 15, '10.00', '2015-02-28 20:32:45', '2015-02-28 20:32:45'),
(303, 5, 5, 15, '8.00', '2015-02-28 20:32:48', '2015-02-28 20:32:48'),
(304, 1, 1, 16, '24.50', '2015-02-28 20:34:54', '2015-02-28 20:34:54'),
(305, 1, 5, 16, '23.00', '2015-02-28 20:34:58', '2015-02-28 20:34:58'),
(306, 5, 1, 16, '9.80', '2015-02-28 20:35:00', '2015-02-28 20:35:00'),
(307, 2, 5, 16, '23.00', '2015-02-28 20:35:01', '2015-02-28 20:35:01'),
(308, 3, 5, 16, '15.00', '2015-02-28 20:35:04', '2015-02-28 20:35:04'),
(309, 4, 5, 16, '15.00', '2015-02-28 20:35:09', '2015-02-28 20:35:09'),
(310, 5, 5, 16, '9.00', '2015-02-28 20:35:19', '2015-02-28 20:35:19'),
(311, 1, 1, 17, '23.00', '2015-02-28 20:36:16', '2015-02-28 20:36:16'),
(312, 1, 2, 16, '25.00', '2015-02-28 20:36:18', '2015-02-28 20:36:18'),
(313, 5, 1, 17, '8.00', '2015-02-28 20:36:20', '2015-02-28 20:36:20'),
(314, 1, 5, 17, '22.00', '2015-02-28 20:36:25', '2015-02-28 20:36:25'),
(315, 2, 5, 17, '22.00', '2015-02-28 20:36:27', '2015-02-28 20:36:27'),
(316, 3, 5, 17, '15.00', '2015-02-28 20:36:31', '2015-02-28 20:36:31'),
(317, 4, 5, 17, '10.00', '2015-02-28 20:36:37', '2015-02-28 20:36:37'),
(318, 5, 5, 17, '8.00', '2015-02-28 20:36:41', '2015-02-28 20:36:41'),
(319, 1, 2, 17, '24.00', '2015-02-28 20:37:47', '2015-02-28 20:37:47'),
(320, 1, 1, 18, '23.50', '2015-02-28 20:37:56', '2015-02-28 20:37:56'),
(321, 5, 1, 18, '8.50', '2015-02-28 20:37:59', '2015-02-28 20:37:59'),
(322, 1, 5, 18, '23.00', '2015-02-28 20:38:49', '2015-02-28 20:38:49'),
(323, 2, 5, 18, '23.00', '2015-02-28 20:38:51', '2015-02-28 20:38:51'),
(324, 3, 5, 18, '18.00', '2015-02-28 20:38:55', '2015-02-28 20:38:55'),
(325, 4, 5, 18, '18.00', '2015-02-28 20:38:57', '2015-02-28 20:38:57'),
(326, 5, 5, 18, '9.00', '2015-02-28 20:38:59', '2015-02-28 20:38:59'),
(327, 1, 5, 19, '18.00', '2015-02-28 20:40:03', '2015-02-28 20:40:03'),
(328, 2, 5, 19, '18.00', '2015-02-28 20:40:05', '2015-02-28 20:40:05'),
(329, 1, 2, 18, '22.00', '2015-02-28 20:40:06', '2015-02-28 20:40:06'),
(330, 3, 5, 19, '14.00', '2015-02-28 20:40:08', '2015-02-28 20:40:08'),
(331, 4, 5, 19, '12.00', '2015-02-28 20:40:11', '2015-02-28 20:40:11'),
(332, 5, 5, 19, '7.00', '2015-02-28 20:40:12', '2015-02-28 20:40:12'),
(333, 1, 1, 19, '21.00', '2015-02-28 20:40:57', '2015-02-28 20:40:57'),
(334, 5, 1, 19, '7.00', '2015-02-28 20:40:58', '2015-02-28 20:40:58'),
(335, 1, 5, 20, '20.00', '2015-02-28 20:43:05', '2015-02-28 20:43:05'),
(336, 2, 5, 20, '20.00', '2015-02-28 20:43:07', '2015-02-28 20:43:07'),
(337, 3, 5, 20, '15.00', '2015-02-28 20:43:10', '2015-02-28 20:43:10'),
(338, 4, 5, 20, '16.00', '2015-02-28 20:43:15', '2015-02-28 20:43:15'),
(339, 5, 5, 20, '8.00', '2015-02-28 20:43:18', '2015-02-28 20:43:18'),
(340, 1, 2, 19, '22.00', '2015-02-28 20:43:46', '2015-02-28 20:43:46'),
(341, 1, 1, 20, '20.00', '2015-02-28 20:44:00', '2015-02-28 20:44:00'),
(342, 5, 1, 20, '7.00', '2015-02-28 20:44:03', '2015-02-28 20:44:03'),
(343, 1, 2, 20, '23.00', '2015-02-28 20:45:12', '2015-02-28 20:45:12'),
(344, 1, 1, 21, '21.00', '2015-02-28 20:46:09', '2015-02-28 20:46:09'),
(345, 1, 2, 21, '24.00', '2015-02-28 20:46:10', '2015-02-28 20:46:10'),
(346, 5, 1, 21, '8.00', '2015-02-28 20:46:12', '2015-02-28 20:46:12'),
(347, 1, 5, 21, '18.00', '2015-02-28 20:46:14', '2015-02-28 20:46:14'),
(348, 2, 5, 21, '18.00', '2015-02-28 20:46:18', '2015-02-28 20:46:18'),
(349, 3, 5, 21, '12.00', '2015-02-28 20:46:20', '2015-02-28 20:46:20'),
(350, 4, 5, 21, '12.00', '2015-02-28 20:46:23', '2015-02-28 20:46:23'),
(351, 5, 5, 21, '7.00', '2015-02-28 20:46:25', '2015-02-28 20:46:25'),
(352, 1, 1, 22, '18.00', '2015-02-28 20:48:12', '2015-02-28 20:48:12'),
(353, 1, 5, 22, '19.00', '2015-02-28 20:48:14', '2015-02-28 20:48:14'),
(354, 5, 1, 22, '7.50', '2015-02-28 20:48:15', '2015-02-28 20:48:15'),
(355, 2, 5, 22, '19.00', '2015-02-28 20:48:17', '2015-02-28 20:48:17'),
(356, 3, 5, 22, '12.00', '2015-02-28 20:48:19', '2015-02-28 20:48:19'),
(357, 4, 5, 22, '12.00', '2015-02-28 20:48:22', '2015-02-28 20:48:22'),
(358, 1, 2, 22, '24.00', '2015-02-28 20:48:23', '2015-02-28 20:48:23'),
(359, 5, 5, 22, '8.00', '2015-02-28 20:48:23', '2015-02-28 20:48:23'),
(360, 1, 2, 23, '22.00', '2015-02-28 20:50:07', '2015-02-28 20:50:07'),
(361, 1, 5, 23, '22.00', '2015-02-28 20:50:08', '2015-02-28 20:50:08'),
(362, 1, 1, 23, '19.00', '2015-02-28 20:50:09', '2015-02-28 20:50:09'),
(363, 2, 5, 23, '22.00', '2015-02-28 20:50:09', '2015-02-28 20:50:09'),
(364, 5, 1, 23, '7.00', '2015-02-28 20:50:11', '2015-02-28 20:50:11'),
(365, 3, 5, 23, '16.00', '2015-02-28 20:50:13', '2015-02-28 20:50:13'),
(366, 4, 5, 23, '15.00', '2015-02-28 20:50:16', '2015-02-28 20:50:16'),
(367, 5, 5, 23, '9.00', '2015-02-28 20:50:18', '2015-02-28 20:50:18'),
(368, 1, 1, 24, '19.00', '2015-02-28 20:51:33', '2015-02-28 20:51:33'),
(369, 1, 2, 24, '24.00', '2015-02-28 20:51:34', '2015-02-28 20:51:34'),
(370, 5, 1, 24, '7.50', '2015-02-28 20:51:38', '2015-02-28 20:51:38'),
(371, 1, 5, 24, '19.00', '2015-02-28 20:51:43', '2015-02-28 20:51:43'),
(372, 2, 5, 24, '19.00', '2015-02-28 20:51:45', '2015-02-28 20:51:45'),
(373, 3, 5, 24, '13.00', '2015-02-28 20:51:48', '2015-02-28 20:51:48'),
(374, 4, 5, 24, '10.00', '2015-02-28 20:51:55', '2015-02-28 20:51:55'),
(375, 5, 5, 24, '8.00', '2015-02-28 20:51:56', '2015-02-28 20:51:56'),
(376, 1, 1, 25, '21.00', '2015-02-28 20:53:34', '2015-02-28 20:53:34'),
(377, 1, 5, 25, '22.00', '2015-02-28 20:53:34', '2015-02-28 20:53:34'),
(378, 2, 5, 25, '22.00', '2015-02-28 20:53:36', '2015-02-28 20:53:36'),
(379, 5, 1, 25, '7.50', '2015-02-28 20:53:37', '2015-02-28 20:53:37'),
(380, 3, 5, 25, '15.00', '2015-02-28 20:53:39', '2015-02-28 20:53:39'),
(381, 4, 5, 25, '18.00', '2015-02-28 20:53:46', '2015-02-28 20:53:46'),
(382, 5, 5, 25, '9.00', '2015-02-28 20:53:48', '2015-02-28 20:53:48'),
(383, 1, 5, 26, '22.00', '2015-02-28 20:55:53', '2015-02-28 20:55:53'),
(384, 1, 1, 26, '20.00', '2015-02-28 20:55:54', '2015-02-28 20:55:54'),
(385, 1, 2, 25, '24.00', '2015-02-28 20:55:55', '2015-02-28 20:55:55'),
(386, 2, 5, 26, '22.00', '2015-02-28 20:55:56', '2015-02-28 20:55:56'),
(387, 3, 5, 26, '15.00', '2015-02-28 20:55:58', '2015-02-28 20:55:58'),
(388, 5, 1, 26, '8.50', '2015-02-28 20:55:59', '2015-02-28 20:55:59'),
(389, 4, 5, 26, '10.00', '2015-02-28 20:56:01', '2015-02-28 20:56:01'),
(390, 5, 5, 26, '8.00', '2015-02-28 20:56:03', '2015-02-28 20:56:03'),
(391, 1, 2, 26, '23.00', '2015-02-28 20:57:51', '2015-02-28 20:57:51'),
(392, 1, 1, 27, '23.00', '2015-02-28 20:57:54', '2015-02-28 20:57:54'),
(393, 1, 2, 27, '24.00', '2015-02-28 20:57:56', '2015-02-28 20:57:56'),
(394, 5, 1, 27, '8.70', '2015-02-28 20:57:56', '2015-02-28 20:57:56'),
(395, 1, 5, 27, '22.00', '2015-02-28 20:58:02', '2015-02-28 20:58:02'),
(396, 2, 5, 27, '22.00', '2015-02-28 20:58:04', '2015-02-28 20:58:04'),
(397, 3, 5, 27, '16.00', '2015-02-28 20:58:07', '2015-02-28 20:58:07'),
(398, 4, 5, 27, '17.00', '2015-02-28 20:58:10', '2015-02-28 20:58:10'),
(399, 5, 5, 27, '9.00', '2015-02-28 20:58:12', '2015-02-28 20:58:12'),
(400, 5, 1, 4, '7.00', '2015-02-28 20:58:52', '2015-02-28 20:58:52'),
(401, 5, 1, 3, '7.30', '2015-02-28 20:59:01', '2015-02-28 20:59:01'),
(402, 5, 1, 2, '8.00', '2015-02-28 20:59:06', '2015-02-28 20:59:06'),
(403, 1, 5, 28, '18.00', '2015-02-28 21:00:37', '2015-02-28 21:00:37'),
(404, 2, 5, 28, '18.00', '2015-02-28 21:00:40', '2015-02-28 21:00:40'),
(405, 3, 5, 28, '14.00', '2015-02-28 21:00:43', '2015-02-28 21:00:43'),
(406, 4, 5, 28, '18.00', '2015-02-28 21:00:47', '2015-02-28 21:00:47'),
(407, 5, 5, 28, '8.00', '2015-02-28 21:00:49', '2015-02-28 21:00:49'),
(408, 1, 1, 28, '21.00', '2015-02-28 21:01:07', '2015-02-28 21:01:07'),
(409, 5, 1, 28, '8.40', '2015-02-28 21:01:11', '2015-02-28 21:01:11'),
(410, 1, 5, 29, '17.00', '2015-02-28 21:03:30', '2015-02-28 21:03:30'),
(411, 2, 5, 29, '17.00', '2015-02-28 21:03:33', '2015-02-28 21:03:33'),
(412, 3, 5, 29, '14.00', '2015-02-28 21:03:37', '2015-02-28 21:03:37'),
(413, 1, 2, 28, '23.00', '2015-02-28 21:03:38', '2015-02-28 21:03:38'),
(414, 4, 5, 29, '12.00', '2015-02-28 21:03:39', '2015-02-28 21:03:39'),
(415, 5, 5, 29, '8.00', '2015-02-28 21:03:42', '2015-02-28 21:03:42'),
(416, 1, 1, 29, '19.00', '2015-02-28 21:03:46', '2015-02-28 21:03:46'),
(417, 5, 1, 29, '7.00', '2015-02-28 21:03:48', '2015-02-28 21:03:48'),
(418, 1, 2, 29, '21.00', '2015-02-28 21:04:57', '2015-02-28 21:04:57'),
(419, 1, 1, 30, '20.00', '2015-02-28 21:05:01', '2015-02-28 21:05:01'),
(420, 5, 1, 30, '7.00', '2015-02-28 21:05:09', '2015-02-28 21:05:09'),
(421, 1, 5, 30, '19.00', '2015-02-28 21:05:16', '2015-02-28 21:05:16'),
(422, 2, 5, 30, '19.00', '2015-02-28 21:05:18', '2015-02-28 21:05:18'),
(423, 3, 5, 30, '15.00', '2015-02-28 21:05:29', '2015-02-28 21:05:29'),
(424, 4, 5, 30, '17.00', '2015-02-28 21:05:35', '2015-02-28 21:05:35'),
(425, 5, 5, 30, '8.00', '2015-02-28 21:05:46', '2015-02-28 21:05:46'),
(426, 1, 4, 1, '21.00', '2015-02-28 21:14:33', '2015-02-28 21:14:33'),
(427, 2, 4, 1, '22.00', '2015-02-28 21:14:35', '2015-02-28 21:14:35'),
(428, 4, 4, 1, '17.00', '2015-02-28 21:14:41', '2015-02-28 21:14:41'),
(429, 5, 4, 1, '7.00', '2015-02-28 21:14:42', '2015-02-28 21:14:42'),
(430, 1, 4, 2, '22.00', '2015-02-28 21:14:45', '2015-02-28 21:14:45'),
(431, 2, 4, 2, '21.00', '2015-02-28 21:14:47', '2015-02-28 21:14:47'),
(432, 4, 4, 2, '17.00', '2015-02-28 21:14:55', '2015-02-28 21:14:55'),
(433, 5, 4, 2, '7.00', '2015-02-28 21:14:59', '2015-02-28 21:14:59'),
(434, 1, 4, 3, '22.00', '2015-02-28 21:15:03', '2015-02-28 21:15:03'),
(435, 2, 4, 3, '22.00', '2015-02-28 21:15:06', '2015-02-28 21:15:06'),
(436, 4, 4, 3, '18.00', '2015-02-28 21:15:13', '2015-02-28 21:15:13'),
(437, 5, 4, 3, '7.00', '2015-02-28 21:15:22', '2015-02-28 21:15:22'),
(438, 1, 4, 4, '19.00', '2015-02-28 21:15:25', '2015-02-28 21:15:25'),
(439, 2, 4, 4, '19.00', '2015-02-28 21:15:29', '2015-02-28 21:15:29'),
(440, 4, 4, 4, '15.00', '2015-02-28 21:15:52', '2015-02-28 21:15:52'),
(441, 5, 4, 4, '6.00', '2015-02-28 21:16:07', '2015-02-28 21:16:07'),
(442, 1, 4, 5, '21.00', '2015-02-28 21:16:38', '2015-02-28 21:16:38'),
(443, 2, 4, 5, '19.00', '2015-02-28 21:16:49', '2015-02-28 21:16:49'),
(444, 4, 4, 5, '15.00', '2015-02-28 21:16:56', '2015-02-28 21:16:56'),
(445, 5, 4, 5, '6.00', '2015-02-28 21:17:16', '2015-02-28 21:17:16'),
(446, 1, 2, 30, '24.00', '2015-02-28 21:17:17', '2015-02-28 21:17:17'),
(447, 2, 2, 1, '20.00', '2015-02-28 21:18:07', '2015-02-28 21:18:07'),
(448, 1, 4, 6, '19.00', '2015-02-28 21:18:13', '2015-02-28 21:18:13'),
(449, 5, 2, 1, '8.00', '2015-02-28 21:18:16', '2015-02-28 21:18:16'),
(450, 2, 4, 6, '19.00', '2015-02-28 21:18:16', '2015-02-28 21:18:16'),
(451, 4, 4, 6, '16.00', '2015-02-28 21:18:19', '2015-02-28 21:18:19'),
(452, 2, 2, 2, '21.00', '2015-02-28 21:18:20', '2015-02-28 21:18:20'),
(453, 5, 4, 6, '8.00', '2015-02-28 21:18:22', '2015-02-28 21:18:22'),
(454, 5, 2, 2, '8.00', '2015-02-28 21:18:25', '2015-02-28 21:18:25'),
(455, 2, 2, 3, '22.00', '2015-02-28 21:18:28', '2015-02-28 21:18:28'),
(456, 1, 4, 7, '23.00', '2015-02-28 21:18:31', '2015-02-28 21:18:31'),
(457, 2, 4, 7, '21.00', '2015-02-28 21:18:33', '2015-02-28 21:18:33'),
(458, 5, 2, 3, '8.00', '2015-02-28 21:18:35', '2015-02-28 21:18:35'),
(459, 2, 2, 4, '23.00', '2015-02-28 21:18:39', '2015-02-28 21:18:39'),
(460, 5, 2, 4, '9.00', '2015-02-28 21:18:44', '2015-02-28 21:18:44'),
(461, 2, 2, 5, '22.00', '2015-02-28 21:18:48', '2015-02-28 21:18:48'),
(462, 4, 4, 7, '16.00', '2015-02-28 21:18:48', '2015-02-28 21:18:48'),
(463, 5, 2, 5, '8.00', '2015-02-28 21:18:54', '2015-02-28 21:18:54'),
(464, 5, 4, 7, '7.00', '2015-02-28 21:18:55', '2015-02-28 21:18:55'),
(465, 2, 2, 6, '22.00', '2015-02-28 21:18:58', '2015-02-28 21:18:58'),
(466, 1, 4, 8, '22.00', '2015-02-28 21:18:59', '2015-02-28 21:18:59'),
(467, 2, 4, 8, '23.00', '2015-02-28 21:19:01', '2015-02-28 21:19:01'),
(468, 5, 2, 6, '8.00', '2015-02-28 21:19:02', '2015-02-28 21:19:02'),
(469, 4, 4, 8, '18.00', '2015-02-28 21:19:05', '2015-02-28 21:19:05'),
(470, 2, 2, 7, '23.00', '2015-02-28 21:19:06', '2015-02-28 21:19:06'),
(471, 5, 2, 7, '8.00', '2015-02-28 21:19:10', '2015-02-28 21:19:10'),
(472, 5, 4, 8, '8.00', '2015-02-28 21:19:12', '2015-02-28 21:19:12'),
(473, 2, 2, 8, '22.00', '2015-02-28 21:19:13', '2015-02-28 21:19:13'),
(474, 5, 2, 8, '8.00', '2015-02-28 21:19:18', '2015-02-28 21:19:18'),
(475, 2, 2, 9, '23.00', '2015-02-28 21:19:20', '2015-02-28 21:19:20'),
(476, 1, 4, 9, '24.00', '2015-02-28 21:19:21', '2015-02-28 21:19:21'),
(477, 2, 4, 9, '22.00', '2015-02-28 21:19:24', '2015-02-28 21:19:24'),
(478, 5, 2, 9, '9.00', '2015-02-28 21:19:25', '2015-02-28 21:19:25'),
(479, 4, 4, 9, '17.00', '2015-02-28 21:19:27', '2015-02-28 21:19:27'),
(480, 2, 2, 10, '22.00', '2015-02-28 21:19:28', '2015-02-28 21:19:28'),
(481, 5, 4, 9, '7.00', '2015-02-28 21:19:30', '2015-02-28 21:19:30'),
(482, 5, 2, 10, '8.00', '2015-02-28 21:19:33', '2015-02-28 21:19:33'),
(483, 1, 4, 10, '24.00', '2015-02-28 21:19:34', '2015-02-28 21:19:34'),
(484, 2, 4, 10, '21.00', '2015-02-28 21:19:39', '2015-02-28 21:19:39'),
(485, 2, 2, 11, '23.00', '2015-02-28 21:19:42', '2015-02-28 21:19:42'),
(486, 4, 4, 10, '15.00', '2015-02-28 21:19:42', '2015-02-28 21:19:42'),
(487, 5, 2, 11, '8.00', '2015-02-28 21:19:48', '2015-02-28 21:19:48'),
(488, 5, 4, 10, '6.00', '2015-02-28 21:19:50', '2015-02-28 21:19:50'),
(489, 2, 2, 12, '23.00', '2015-02-28 21:19:51', '2015-02-28 21:19:51'),
(490, 5, 2, 12, '8.00', '2015-02-28 21:19:56', '2015-02-28 21:19:56'),
(491, 2, 2, 13, '23.00', '2015-02-28 21:20:00', '2015-02-28 21:20:00'),
(492, 1, 4, 11, '23.00', '2015-02-28 21:20:00', '2015-02-28 21:20:00'),
(493, 2, 4, 11, '21.00', '2015-02-28 21:20:03', '2015-02-28 21:20:03'),
(494, 5, 2, 13, '9.00', '2015-02-28 21:20:06', '2015-02-28 21:20:06'),
(495, 4, 4, 11, '15.00', '2015-02-28 21:20:06', '2015-02-28 21:20:06'),
(496, 2, 2, 14, '24.00', '2015-02-28 21:20:09', '2015-02-28 21:20:09'),
(497, 5, 4, 11, '6.00', '2015-02-28 21:20:09', '2015-02-28 21:20:09'),
(498, 1, 4, 12, '24.00', '2015-02-28 21:20:14', '2015-02-28 21:20:14'),
(499, 5, 2, 14, '9.00', '2015-02-28 21:20:14', '2015-02-28 21:20:14'),
(500, 2, 2, 15, '23.00', '2015-02-28 21:20:18', '2015-02-28 21:20:18'),
(501, 5, 2, 15, '8.00', '2015-02-28 21:20:22', '2015-02-28 21:20:22'),
(502, 2, 4, 12, '21.00', '2015-02-28 21:20:24', '2015-02-28 21:20:24'),
(503, 2, 2, 16, '25.00', '2015-02-28 21:20:25', '2015-02-28 21:20:25'),
(504, 4, 4, 12, '15.00', '2015-02-28 21:20:26', '2015-02-28 21:20:26'),
(505, 5, 2, 16, '10.00', '2015-02-28 21:20:31', '2015-02-28 21:20:31'),
(506, 5, 4, 12, '6.00', '2015-02-28 21:20:31', '2015-02-28 21:20:31'),
(507, 2, 2, 17, '23.00', '2015-02-28 21:20:34', '2015-02-28 21:20:34'),
(508, 5, 2, 17, '8.00', '2015-02-28 21:20:39', '2015-02-28 21:20:39'),
(509, 2, 2, 18, '22.00', '2015-02-28 21:20:43', '2015-02-28 21:20:43'),
(510, 5, 2, 18, '8.00', '2015-02-28 21:20:48', '2015-02-28 21:20:48'),
(511, 1, 4, 13, '24.00', '2015-02-28 21:20:49', '2015-02-28 21:20:49'),
(512, 2, 4, 13, '23.00', '2015-02-28 21:20:51', '2015-02-28 21:20:51'),
(513, 2, 2, 19, '24.00', '2015-02-28 21:20:52', '2015-02-28 21:20:52'),
(514, 5, 2, 19, '9.00', '2015-02-28 21:20:56', '2015-02-28 21:20:56'),
(515, 2, 2, 20, '24.00', '2015-02-28 21:20:59', '2015-02-28 21:20:59'),
(516, 4, 4, 13, '18.00', '2015-02-28 21:21:00', '2015-02-28 21:21:00'),
(517, 5, 4, 13, '8.00', '2015-02-28 21:21:02', '2015-02-28 21:21:02'),
(518, 5, 2, 20, '9.00', '2015-02-28 21:21:03', '2015-02-28 21:21:03'),
(519, 2, 2, 21, '22.00', '2015-02-28 21:21:06', '2015-02-28 21:21:06'),
(520, 5, 2, 21, '8.00', '2015-02-28 21:21:10', '2015-02-28 21:21:10'),
(521, 1, 4, 14, '24.00', '2015-02-28 21:21:10', '2015-02-28 21:21:10'),
(522, 2, 4, 14, '24.00', '2015-02-28 21:21:13', '2015-02-28 21:21:13'),
(523, 2, 2, 22, '23.00', '2015-02-28 21:21:16', '2015-02-28 21:21:16'),
(524, 5, 2, 22, '8.00', '2015-02-28 21:21:20', '2015-02-28 21:21:20'),
(525, 4, 4, 14, '19.90', '2015-02-28 21:21:23', '2015-02-28 21:21:23'),
(526, 2, 2, 23, '24.00', '2015-02-28 21:21:24', '2015-02-28 21:21:24'),
(527, 5, 4, 14, '9.00', '2015-02-28 21:21:26', '2015-02-28 21:21:26'),
(528, 5, 2, 23, '8.00', '2015-02-28 21:21:27', '2015-02-28 21:21:27'),
(529, 2, 2, 24, '23.00', '2015-02-28 21:21:31', '2015-02-28 21:21:31'),
(530, 5, 2, 24, '8.00', '2015-02-28 21:21:34', '2015-02-28 21:21:34'),
(531, 2, 2, 25, '24.00', '2015-02-28 21:21:39', '2015-02-28 21:21:39'),
(532, 5, 2, 25, '9.00', '2015-02-28 21:21:44', '2015-02-28 21:21:44'),
(533, 1, 4, 15, '19.00', '2015-02-28 21:21:45', '2015-02-28 21:21:45'),
(534, 2, 2, 26, '22.00', '2015-02-28 21:21:48', '2015-02-28 21:21:48'),
(535, 2, 4, 15, '20.00', '2015-02-28 21:21:49', '2015-02-28 21:21:49'),
(536, 4, 4, 15, '18.00', '2015-02-28 21:21:51', '2015-02-28 21:21:51'),
(537, 5, 2, 26, '8.00', '2015-02-28 21:21:54', '2015-02-28 21:21:54'),
(538, 5, 4, 15, '7.00', '2015-02-28 21:21:55', '2015-02-28 21:21:55'),
(539, 2, 2, 27, '22.00', '2015-02-28 21:21:56', '2015-02-28 21:21:56'),
(540, 1, 4, 16, '19.00', '2015-02-28 21:21:59', '2015-02-28 21:21:59'),
(541, 5, 2, 27, '8.00', '2015-02-28 21:22:00', '2015-02-28 21:22:00'),
(542, 2, 4, 16, '22.00', '2015-02-28 21:22:02', '2015-02-28 21:22:02'),
(543, 2, 2, 28, '24.00', '2015-02-28 21:22:04', '2015-02-28 21:22:04'),
(544, 5, 2, 28, '9.00', '2015-02-28 21:22:10', '2015-02-28 21:22:10'),
(545, 2, 2, 29, '22.00', '2015-02-28 21:22:12', '2015-02-28 21:22:12'),
(546, 4, 4, 16, '19.00', '2015-02-28 21:22:16', '2015-02-28 21:22:16'),
(547, 5, 2, 29, '8.00', '2015-02-28 21:22:18', '2015-02-28 21:22:18'),
(548, 5, 4, 16, '9.00', '2015-02-28 21:22:20', '2015-02-28 21:22:20'),
(549, 2, 2, 30, '23.00', '2015-02-28 21:22:22', '2015-02-28 21:22:22'),
(550, 1, 4, 17, '24.00', '2015-02-28 21:22:33', '2015-02-28 21:22:33'),
(551, 2, 4, 17, '23.00', '2015-02-28 21:22:39', '2015-02-28 21:22:39'),
(552, 4, 4, 17, '16.00', '2015-02-28 21:22:43', '2015-02-28 21:22:43'),
(553, 5, 4, 17, '8.00', '2015-02-28 21:22:51', '2015-02-28 21:22:51'),
(554, 1, 4, 18, '24.00', '2015-02-28 21:22:54', '2015-02-28 21:22:54'),
(555, 5, 2, 30, '9.00', '2015-02-28 21:22:57', '2015-02-28 21:22:57'),
(556, 2, 4, 18, '23.00', '2015-02-28 21:22:57', '2015-02-28 21:22:57'),
(557, 4, 4, 18, '19.00', '2015-02-28 21:23:01', '2015-02-28 21:23:01'),
(558, 5, 4, 18, '8.00', '2015-02-28 21:23:05', '2015-02-28 21:23:05'),
(559, 1, 4, 19, '21.00', '2015-02-28 21:23:14', '2015-02-28 21:23:14'),
(560, 2, 4, 19, '20.00', '2015-02-28 21:23:17', '2015-02-28 21:23:17'),
(561, 4, 4, 19, '17.00', '2015-02-28 21:23:20', '2015-02-28 21:23:20'),
(562, 5, 4, 19, '7.00', '2015-02-28 21:23:24', '2015-02-28 21:23:24'),
(563, 1, 4, 20, '23.00', '2015-02-28 21:23:30', '2015-02-28 21:23:30'),
(564, 2, 4, 20, '23.00', '2015-02-28 21:23:32', '2015-02-28 21:23:32'),
(565, 4, 4, 20, '19.00', '2015-02-28 21:23:35', '2015-02-28 21:23:35'),
(566, 5, 4, 20, '8.00', '2015-02-28 21:23:37', '2015-02-28 21:23:37'),
(567, 1, 4, 21, '23.00', '2015-02-28 21:23:41', '2015-02-28 21:23:41'),
(568, 2, 4, 21, '21.00', '2015-02-28 21:23:42', '2015-02-28 21:23:42'),
(569, 4, 4, 21, '15.00', '2015-02-28 21:23:50', '2015-02-28 21:23:50'),
(570, 5, 4, 21, '6.00', '2015-02-28 21:23:52', '2015-02-28 21:23:52'),
(571, 1, 4, 22, '21.00', '2015-02-28 21:24:07', '2015-02-28 21:24:07'),
(572, 2, 4, 22, '20.00', '2015-02-28 21:24:09', '2015-02-28 21:24:09'),
(573, 4, 4, 22, '16.00', '2015-02-28 21:24:13', '2015-02-28 21:24:13'),
(574, 5, 4, 22, '5.00', '2015-02-28 21:24:17', '2015-02-28 21:24:17'),
(575, 1, 4, 23, '20.00', '2015-02-28 21:24:24', '2015-02-28 21:24:24'),
(576, 2, 4, 23, '19.00', '2015-02-28 21:24:26', '2015-02-28 21:24:26'),
(577, 4, 4, 23, '17.00', '2015-02-28 21:24:28', '2015-02-28 21:24:28'),
(578, 5, 4, 23, '6.00', '2015-02-28 21:24:32', '2015-02-28 21:24:32'),
(579, 1, 4, 24, '21.00', '2015-02-28 21:24:36', '2015-02-28 21:24:36'),
(580, 2, 4, 24, '20.00', '2015-02-28 21:24:38', '2015-02-28 21:24:38'),
(581, 5, 4, 24, '6.00', '2015-02-28 21:24:42', '2015-02-28 21:24:42'),
(582, 1, 4, 25, '23.00', '2015-02-28 21:24:48', '2015-02-28 21:24:48'),
(583, 2, 4, 25, '22.00', '2015-02-28 21:24:50', '2015-02-28 21:24:50'),
(584, 5, 4, 25, '6.00', '2015-02-28 21:24:55', '2015-02-28 21:24:55'),
(585, 1, 4, 26, '24.00', '2015-02-28 21:25:05', '2015-02-28 21:25:05'),
(586, 2, 4, 26, '22.00', '2015-02-28 21:25:07', '2015-02-28 21:25:07'),
(587, 4, 4, 26, '17.00', '2015-02-28 21:25:14', '2015-02-28 21:25:14'),
(588, 5, 4, 26, '7.00', '2015-02-28 21:25:16', '2015-02-28 21:25:16'),
(589, 1, 4, 27, '24.00', '2015-02-28 21:25:22', '2015-02-28 21:25:22'),
(590, 2, 4, 27, '23.00', '2015-02-28 21:25:26', '2015-02-28 21:25:26'),
(591, 5, 4, 27, '7.00', '2015-02-28 21:25:30', '2015-02-28 21:25:30'),
(592, 1, 4, 28, '20.00', '2015-02-28 21:25:36', '2015-02-28 21:25:36'),
(593, 2, 4, 28, '20.00', '2015-02-28 21:25:40', '2015-02-28 21:25:40'),
(594, 5, 4, 28, '6.00', '2015-02-28 21:25:43', '2015-02-28 21:25:43'),
(595, 1, 4, 29, '21.00', '2015-02-28 21:25:46', '2015-02-28 21:25:46'),
(596, 2, 4, 29, '20.00', '2015-02-28 21:25:50', '2015-02-28 21:25:50'),
(597, 5, 4, 29, '8.00', '2015-02-28 21:25:52', '2015-02-28 21:25:52'),
(598, 1, 4, 30, '22.00', '2015-02-28 21:25:57', '2015-02-28 21:25:57'),
(599, 2, 4, 30, '23.00', '2015-02-28 21:26:00', '2015-02-28 21:26:00'),
(600, 5, 4, 30, '8.00', '2015-02-28 21:26:03', '2015-02-28 21:26:03'),
(601, 1, 3, 1, '21.00', '2015-02-28 21:33:02', '2015-02-28 21:33:02'),
(602, 2, 3, 1, '22.00', '2015-02-28 21:33:04', '2015-02-28 21:33:04'),
(603, 3, 3, 1, '17.00', '2015-02-28 21:33:06', '2015-02-28 21:33:06'),
(604, 4, 3, 1, '17.00', '2015-02-28 21:33:11', '2015-02-28 21:33:11'),
(605, 5, 3, 1, '8.00', '2015-02-28 21:33:34', '2015-02-28 21:33:34'),
(606, 1, 3, 2, '18.00', '2015-02-28 21:33:41', '2015-02-28 21:33:41'),
(607, 2, 3, 2, '19.00', '2015-02-28 21:33:44', '2015-02-28 21:33:44'),
(608, 3, 3, 2, '15.00', '2015-02-28 21:33:45', '2015-02-28 21:33:45'),
(609, 4, 3, 2, '14.00', '2015-02-28 21:33:46', '2015-02-28 21:33:46'),
(610, 5, 3, 2, '8.00', '2015-02-28 21:33:48', '2015-02-28 21:33:48'),
(611, 1, 3, 3, '19.00', '2015-02-28 21:33:54', '2015-02-28 21:33:54'),
(612, 2, 3, 3, '19.50', '2015-02-28 21:33:59', '2015-02-28 21:33:59'),
(613, 3, 3, 3, '16.00', '2015-02-28 21:34:00', '2015-02-28 21:34:00'),
(614, 4, 3, 3, '14.50', '2015-02-28 21:34:04', '2015-02-28 21:34:04'),
(615, 5, 3, 3, '8.00', '2015-02-28 21:34:05', '2015-02-28 21:34:05'),
(616, 1, 3, 4, '19.00', '2015-02-28 21:34:07', '2015-02-28 21:34:07'),
(617, 2, 3, 4, '18.00', '2015-02-28 21:34:09', '2015-02-28 21:34:09'),
(618, 3, 3, 4, '12.00', '2015-02-28 21:34:10', '2015-02-28 21:34:10'),
(619, 4, 3, 4, '13.00', '2015-02-28 21:34:12', '2015-02-28 21:34:12'),
(620, 5, 3, 4, '8.00', '2015-02-28 21:34:14', '2015-02-28 21:34:14'),
(621, 1, 3, 5, '21.00', '2015-02-28 21:34:16', '2015-02-28 21:34:16'),
(622, 2, 3, 5, '18.50', '2015-02-28 21:34:20', '2015-02-28 21:34:20'),
(623, 3, 3, 5, '16.00', '2015-02-28 21:34:21', '2015-02-28 21:34:21'),
(624, 4, 3, 5, '13.50', '2015-02-28 21:34:33', '2015-02-28 21:34:33'),
(625, 5, 3, 5, '8.00', '2015-02-28 21:34:35', '2015-02-28 21:34:35'),
(626, 1, 3, 6, '20.00', '2015-02-28 21:34:38', '2015-02-28 21:34:38'),
(627, 2, 3, 6, '20.00', '2015-02-28 21:34:40', '2015-02-28 21:34:40'),
(628, 3, 3, 6, '17.00', '2015-02-28 21:34:41', '2015-02-28 21:34:41'),
(629, 4, 3, 6, '15.00', '2015-02-28 21:34:43', '2015-02-28 21:34:43'),
(630, 5, 3, 6, '8.00', '2015-02-28 21:34:44', '2015-02-28 21:34:44'),
(631, 1, 3, 7, '20.00', '2015-02-28 21:34:46', '2015-02-28 21:34:46'),
(632, 2, 3, 7, '20.00', '2015-02-28 21:34:48', '2015-02-28 21:34:48'),
(633, 3, 3, 7, '16.00', '2015-02-28 21:34:49', '2015-02-28 21:34:49'),
(634, 4, 3, 7, '14.80', '2015-02-28 21:34:53', '2015-02-28 21:34:53'),
(635, 1, 3, 8, '18.50', '2015-02-28 21:34:57', '2015-02-28 21:34:57'),
(636, 2, 3, 8, '19.00', '2015-02-28 21:34:58', '2015-02-28 21:34:58'),
(637, 3, 3, 8, '14.00', '2015-02-28 21:35:01', '2015-02-28 21:35:01'),
(638, 4, 3, 8, '14.50', '2015-02-28 21:35:03', '2015-02-28 21:35:03'),
(639, 5, 3, 7, '8.00', '2015-03-02 13:41:36', '2015-03-02 13:41:36'),
(640, 5, 3, 8, '8.00', '2015-03-02 13:43:10', '2015-03-02 13:43:10'),
(641, 1, 3, 9, '23.00', '2015-03-02 13:43:28', '2015-03-02 13:43:28'),
(642, 2, 3, 9, '20.00', '2015-03-02 13:43:31', '2015-03-02 13:43:31'),
(643, 3, 3, 9, '14.50', '2015-03-02 13:43:36', '2015-03-02 13:43:36'),
(644, 4, 3, 9, '14.30', '2015-03-02 13:43:49', '2015-03-02 13:43:49'),
(645, 5, 3, 9, '8.00', '2015-03-02 13:44:01', '2015-03-02 13:44:01'),
(646, 1, 3, 10, '19.00', '2015-03-02 13:44:19', '2015-03-02 13:44:19'),
(647, 2, 3, 10, '20.00', '2015-03-02 13:44:23', '2015-03-02 13:44:23'),
(648, 3, 3, 10, '15.00', '2015-03-02 13:44:27', '2015-03-02 13:44:27'),
(649, 4, 3, 10, '14.00', '2015-03-02 13:44:31', '2015-03-02 13:44:31'),
(650, 5, 3, 10, '8.00', '2015-03-02 13:44:35', '2015-03-02 13:44:35'),
(651, 1, 3, 11, '19.00', '2015-03-02 13:45:09', '2015-03-02 13:45:09'),
(652, 2, 3, 11, '19.00', '2015-03-02 13:45:11', '2015-03-02 13:45:11'),
(653, 3, 3, 11, '14.00', '2015-03-02 13:45:16', '2015-03-02 13:45:16'),
(654, 4, 3, 11, '14.20', '2015-03-02 13:45:20', '2015-03-02 13:45:20'),
(655, 5, 3, 11, '8.00', '2015-03-02 13:45:23', '2015-03-02 13:45:23'),
(656, 1, 3, 12, '19.80', '2015-03-02 13:46:18', '2015-03-02 13:46:18'),
(657, 2, 3, 12, '19.00', '2015-03-02 13:46:21', '2015-03-02 13:46:21'),
(658, 3, 3, 12, '14.50', '2015-03-02 13:46:28', '2015-03-02 13:46:28'),
(659, 4, 3, 12, '13.80', '2015-03-02 13:46:33', '2015-03-02 13:46:33'),
(660, 5, 3, 12, '8.00', '2015-03-02 13:46:39', '2015-03-02 13:46:39'),
(661, 1, 3, 13, '21.00', '2015-03-02 13:46:43', '2015-03-02 13:46:43'),
(662, 2, 3, 13, '20.00', '2015-03-02 13:46:45', '2015-03-02 13:46:45'),
(663, 3, 3, 13, '16.50', '2015-03-02 13:46:53', '2015-03-02 13:46:53'),
(664, 4, 3, 13, '15.80', '2015-03-02 13:46:59', '2015-03-02 13:46:59'),
(665, 5, 3, 13, '8.00', '2015-03-02 13:47:03', '2015-03-02 13:47:03'),
(666, 1, 3, 14, '21.00', '2015-03-02 13:47:08', '2015-03-02 13:47:08'),
(667, 2, 3, 14, '23.00', '2015-03-02 13:47:13', '2015-03-02 13:47:13'),
(668, 3, 3, 14, '17.00', '2015-03-02 13:47:21', '2015-03-02 13:47:21'),
(669, 4, 3, 14, '17.30', '2015-03-02 13:47:25', '2015-03-02 13:47:25'),
(670, 5, 3, 14, '8.00', '2015-03-02 13:47:35', '2015-03-02 13:47:35'),
(671, 1, 3, 15, '20.00', '2015-03-02 13:47:42', '2015-03-02 13:47:42'),
(672, 2, 3, 15, '19.00', '2015-03-02 13:47:51', '2015-03-02 13:47:51'),
(673, 3, 3, 15, '15.50', '2015-03-02 13:47:55', '2015-03-02 13:47:55'),
(674, 4, 3, 15, '15.00', '2015-03-02 13:48:00', '2015-03-02 13:48:00'),
(675, 5, 3, 15, '8.00', '2015-03-02 13:48:03', '2015-03-02 13:48:03'),
(676, 1, 3, 16, '22.00', '2015-03-02 13:48:06', '2015-03-02 13:48:06'),
(677, 2, 3, 16, '22.00', '2015-03-02 13:48:08', '2015-03-02 13:48:08'),
(678, 3, 3, 16, '17.00', '2015-03-02 13:48:11', '2015-03-02 13:48:11'),
(679, 4, 3, 16, '17.50', '2015-03-02 13:48:14', '2015-03-02 13:48:14'),
(680, 5, 3, 16, '8.00', '2015-03-02 13:48:16', '2015-03-02 13:48:16'),
(681, 1, 3, 17, '21.00', '2015-03-02 13:48:26', '2015-03-02 13:48:26'),
(682, 2, 3, 17, '20.00', '2015-03-02 13:48:27', '2015-03-02 13:48:27'),
(683, 3, 3, 17, '16.50', '2015-03-02 13:48:30', '2015-03-02 13:48:30'),
(684, 4, 3, 17, '15.50', '2015-03-02 13:48:37', '2015-03-02 13:48:37'),
(685, 5, 3, 17, '8.00', '2015-03-02 13:48:40', '2015-03-02 13:48:40'),
(686, 1, 3, 18, '21.00', '2015-03-02 13:48:43', '2015-03-02 13:48:43'),
(687, 2, 3, 18, '20.00', '2015-03-02 13:48:45', '2015-03-02 13:48:45'),
(688, 3, 3, 18, '15.00', '2015-03-02 13:48:47', '2015-03-02 13:48:47'),
(689, 4, 3, 18, '16.00', '2015-03-02 13:48:49', '2015-03-02 13:48:49'),
(690, 5, 3, 18, '8.00', '2015-03-02 13:48:51', '2015-03-02 13:48:51'),
(691, 1, 3, 19, '19.00', '2015-03-02 13:49:00', '2015-03-02 13:49:00'),
(692, 2, 3, 19, '20.00', '2015-03-02 13:49:02', '2015-03-02 13:49:02'),
(693, 3, 3, 19, '16.50', '2015-03-02 13:49:07', '2015-03-02 13:49:07'),
(694, 4, 3, 19, '16.00', '2015-03-02 13:49:09', '2015-03-02 13:49:09'),
(695, 5, 3, 19, '8.00', '2015-03-02 13:49:12', '2015-03-02 13:49:12'),
(696, 1, 3, 20, '19.50', '2015-03-02 13:49:15', '2015-03-02 13:49:15'),
(697, 2, 3, 20, '19.00', '2015-03-02 13:49:19', '2015-03-02 13:49:19'),
(698, 3, 3, 20, '16.00', '2015-03-02 13:49:21', '2015-03-02 13:49:21'),
(699, 4, 3, 20, '16.50', '2015-03-02 13:49:24', '2015-03-02 13:49:24'),
(700, 5, 3, 20, '8.00', '2015-03-02 13:49:27', '2015-03-02 13:49:27'),
(701, 1, 3, 21, '19.00', '2015-03-02 13:49:51', '2015-03-02 13:49:51'),
(702, 2, 3, 21, '18.00', '2015-03-02 13:49:53', '2015-03-02 13:49:53'),
(703, 3, 3, 21, '14.50', '2015-03-02 13:49:59', '2015-03-02 13:49:59'),
(704, 4, 3, 21, '15.00', '2015-03-02 13:50:01', '2015-03-02 13:50:01'),
(705, 5, 3, 21, '8.00', '2015-03-02 13:50:07', '2015-03-02 13:50:07'),
(706, 1, 3, 22, '21.00', '2015-03-02 13:50:38', '2015-03-02 13:50:38'),
(707, 2, 3, 22, '20.00', '2015-03-02 13:51:30', '2015-03-02 13:51:30'),
(708, 3, 3, 22, '14.00', '2015-03-02 13:51:33', '2015-03-02 13:51:33'),
(709, 4, 3, 22, '15.50', '2015-03-02 13:51:37', '2015-03-02 13:51:37'),
(710, 5, 3, 22, '8.00', '2015-03-02 13:51:40', '2015-03-02 13:51:40'),
(711, 1, 3, 23, '20.00', '2015-03-02 13:51:43', '2015-03-02 13:51:43'),
(712, 2, 3, 23, '19.50', '2015-03-02 13:51:58', '2015-03-02 13:51:58'),
(713, 3, 3, 23, '15.00', '2015-03-02 13:53:17', '2015-03-02 13:53:17'),
(714, 4, 3, 23, '16.00', '2015-03-02 13:53:22', '2015-03-02 13:53:22'),
(715, 5, 3, 23, '8.00', '2015-03-02 13:53:43', '2015-03-02 13:53:43'),
(716, 1, 3, 24, '19.50', '2015-03-02 13:53:48', '2015-03-02 13:53:48'),
(717, 2, 3, 24, '20.00', '2015-03-02 13:53:50', '2015-03-02 13:53:50'),
(718, 3, 3, 24, '17.00', '2015-03-02 13:53:53', '2015-03-02 13:53:53');
INSERT INTO `criteria_scores` (`id`, `criteria_id`, `segment_judge_id`, `segment_contestant_id`, `score`, `_date_created`, `_date_modified`) VALUES
(719, 4, 3, 24, '16.50', '2015-03-02 13:54:01', '2015-03-02 13:54:01'),
(720, 5, 3, 24, '8.00', '2015-03-02 13:54:03', '2015-03-02 13:54:03'),
(721, 1, 3, 25, '19.00', '2015-03-02 13:54:23', '2015-03-02 13:54:23'),
(722, 2, 3, 25, '20.00', '2015-03-02 13:54:26', '2015-03-02 13:54:26'),
(723, 3, 3, 25, '16.00', '2015-03-02 13:54:28', '2015-03-02 13:54:28'),
(724, 4, 3, 25, '14.50', '2015-03-02 13:54:32', '2015-03-02 13:54:32'),
(725, 5, 3, 25, '8.00', '2015-03-02 13:54:37', '2015-03-02 13:54:37'),
(726, 1, 3, 26, '19.00', '2015-03-02 13:54:46', '2015-03-02 13:54:46'),
(727, 2, 3, 26, '20.00', '2015-03-02 13:54:49', '2015-03-02 13:54:49'),
(728, 3, 3, 26, '16.80', '2015-03-02 13:54:54', '2015-03-02 13:54:54'),
(729, 4, 3, 26, '16.00', '2015-03-02 13:54:58', '2015-03-02 13:54:58'),
(730, 5, 3, 26, '8.00', '2015-03-02 13:54:59', '2015-03-02 13:54:59'),
(731, 1, 3, 27, '21.00', '2015-03-02 13:55:34', '2015-03-02 13:55:34'),
(732, 2, 3, 27, '20.00', '2015-03-02 13:55:38', '2015-03-02 13:55:38'),
(733, 3, 3, 27, '16.00', '2015-03-02 13:55:51', '2015-03-02 13:55:51'),
(734, 4, 3, 27, '16.00', '2015-03-02 13:55:53', '2015-03-02 13:55:53'),
(735, 5, 3, 27, '8.00', '2015-03-02 13:55:55', '2015-03-02 13:55:55'),
(736, 1, 3, 28, '19.00', '2015-03-02 13:55:59', '2015-03-02 13:55:59'),
(737, 2, 3, 28, '20.00', '2015-03-02 13:56:02', '2015-03-02 13:56:02'),
(738, 3, 3, 28, '15.80', '2015-03-02 13:56:05', '2015-03-02 13:56:05'),
(739, 4, 3, 28, '16.80', '2015-03-02 13:56:15', '2015-03-02 13:56:15'),
(740, 5, 3, 28, '8.00', '2015-03-02 13:56:18', '2015-03-02 13:56:18'),
(741, 1, 3, 29, '18.50', '2015-03-02 13:56:24', '2015-03-02 13:56:24'),
(742, 2, 3, 29, '19.00', '2015-03-02 13:56:28', '2015-03-02 13:56:28'),
(743, 3, 3, 29, '15.00', '2015-03-02 13:56:30', '2015-03-02 13:56:30'),
(744, 4, 3, 29, '15.80', '2015-03-02 13:56:34', '2015-03-02 13:56:34'),
(745, 5, 3, 29, '8.00', '2015-03-02 13:56:37', '2015-03-02 13:56:37'),
(746, 1, 3, 30, '19.50', '2015-03-02 13:56:41', '2015-03-02 13:56:41'),
(747, 2, 3, 30, '20.00', '2015-03-02 13:56:43', '2015-03-02 13:56:43'),
(748, 3, 3, 30, '16.00', '2015-03-02 13:56:46', '2015-03-02 13:56:46'),
(749, 4, 3, 30, '16.00', '2015-03-02 13:56:49', '2015-03-02 13:56:49'),
(750, 5, 3, 30, '8.00', '2015-03-02 13:57:36', '2015-03-02 13:57:36'),
(751, 6, 6, 31, '30.00', '2015-03-04 08:21:19', '2015-03-04 08:21:19'),
(752, 7, 6, 31, '30.00', '2015-03-04 08:23:03', '2015-03-04 08:23:03'),
(753, 8, 6, 31, '15.00', '2015-03-04 08:23:09', '2015-03-04 08:23:09'),
(754, 9, 6, 31, '15.00', '2015-03-04 08:23:20', '2015-03-04 08:23:20'),
(755, 10, 6, 31, '15.00', '2015-03-04 08:23:26', '2015-03-04 08:23:26'),
(756, 6, 6, 32, '30.00', '2015-03-04 08:23:44', '2015-03-04 08:23:44'),
(757, 7, 6, 32, '30.00', '2015-03-04 08:23:46', '2015-03-04 08:23:46'),
(758, 8, 6, 32, '15.00', '2015-03-04 08:23:48', '2015-03-04 08:23:48'),
(759, 9, 6, 32, '15.00', '2015-03-04 08:23:49', '2015-03-04 08:23:49'),
(760, 10, 6, 32, '10.00', '2015-03-04 08:23:50', '2015-03-04 08:23:50'),
(761, 6, 6, 33, '15.00', '2015-03-04 08:23:55', '2015-03-04 08:23:55'),
(762, 7, 6, 33, '15.00', '2015-03-04 08:23:56', '2015-03-04 08:23:56'),
(763, 8, 6, 33, '15.00', '2015-03-04 08:24:04', '2015-03-04 08:24:04'),
(764, 9, 6, 33, '15.00', '2015-03-04 08:24:06', '2015-03-04 08:24:06'),
(765, 10, 6, 33, '10.00', '2015-03-04 08:24:08', '2015-03-04 08:24:08'),
(766, 6, 6, 34, '15.00', '2015-03-04 08:25:31', '2015-03-04 08:25:31'),
(767, 7, 6, 34, '15.00', '2015-03-04 08:25:33', '2015-03-04 08:25:33'),
(768, 8, 6, 34, '15.00', '2015-03-04 08:25:36', '2015-03-04 08:25:36'),
(769, 9, 6, 34, '15.00', '2015-03-04 08:25:39', '2015-03-04 08:25:39'),
(770, 10, 6, 34, '10.00', '2015-03-04 08:25:41', '2015-03-04 08:25:41'),
(771, 6, 6, 35, '15.00', '2015-03-04 08:26:05', '2015-03-04 08:26:05'),
(772, 7, 6, 35, '15.00', '2015-03-04 08:26:06', '2015-03-04 08:26:06'),
(773, 8, 6, 35, '15.00', '2015-03-04 08:26:07', '2015-03-04 08:26:07'),
(774, 9, 6, 35, '15.00', '2015-03-04 08:26:08', '2015-03-04 08:26:08'),
(775, 10, 6, 35, '10.00', '2015-03-04 08:26:08', '2015-03-04 08:26:08'),
(776, 6, 6, 36, '15.00', '2015-03-04 08:26:45', '2015-03-04 08:26:45'),
(777, 7, 6, 36, '15.00', '2015-03-04 08:26:46', '2015-03-04 08:26:46'),
(778, 8, 6, 36, '15.00', '2015-03-04 08:26:46', '2015-03-04 08:26:46'),
(779, 9, 6, 36, '15.00', '2015-03-04 08:26:47', '2015-03-04 08:26:47'),
(780, 10, 6, 36, '10.00', '2015-03-04 08:26:48', '2015-03-04 08:26:48'),
(781, 6, 6, 37, '30.00', '2015-03-05 12:33:51', '2015-03-05 12:33:51'),
(782, 7, 6, 37, '15.00', '2015-03-05 12:33:52', '2015-03-05 12:33:52'),
(783, 8, 6, 37, '15.00', '2015-03-05 12:33:54', '2015-03-05 12:33:54'),
(784, 9, 6, 37, '15.00', '2015-03-05 12:33:55', '2015-03-05 12:33:55'),
(785, 10, 6, 37, '10.00', '2015-03-05 12:33:55', '2015-03-05 12:33:55'),
(786, 9, 6, 38, '15.00', '2015-03-05 13:02:15', '2015-03-05 13:02:15'),
(787, 8, 6, 38, '15.00', '2015-03-05 13:02:17', '2015-03-05 13:02:17'),
(788, 7, 6, 38, '30.00', '2015-03-05 13:02:19', '2015-03-05 13:02:19'),
(789, 6, 6, 38, '30.00', '2015-03-05 13:02:21', '2015-03-05 13:02:21'),
(790, 9, 6, 39, '15.00', '2015-03-05 14:01:59', '2015-03-05 14:01:59'),
(791, 8, 6, 39, '15.00', '2015-03-05 14:02:04', '2015-03-05 14:02:04');

-- --------------------------------------------------------

--
-- Table structure for table `judges`
--

CREATE TABLE IF NOT EXISTS `judges` (
`id` int(20) NOT NULL,
  `competition_id` int(20) NOT NULL,
  `first_name` varchar(50) NOT NULL,
  `last_name` varchar(50) NOT NULL,
  `username` varchar(50) NOT NULL,
  `password` varchar(255) NOT NULL,
  `status` tinyint(1) NOT NULL DEFAULT '1',
  `_date_created` datetime DEFAULT CURRENT_TIMESTAMP,
  `_date_modified` datetime NOT NULL DEFAULT CURRENT_TIMESTAMP
) ENGINE=InnoDB AUTO_INCREMENT=11 DEFAULT CHARSET=latin1;

--
-- Dumping data for table `judges`
--

INSERT INTO `judges` (`id`, `competition_id`, `first_name`, `last_name`, `username`, `password`, `status`, `_date_created`, `_date_modified`) VALUES
(1, 1, 'Leah Mae', 'Panisales', 'leahmae', 'd4c6afa006b3f59cae20067dddce89f416d22031', 1, '2015-02-28 13:27:33', '2015-02-28 13:27:33'),
(2, 1, 'Abner', 'Luzon', 'abnerl', '675823e83de51d7c16a70e9f053ab3a7bc76218a', 1, '2015-02-28 13:28:49', '2015-02-28 13:28:49'),
(3, 1, 'April Marie', 'Dayap', 'aprilmarie', '70643cf552803b2d78b5c60805889821d0992556', 1, '2015-02-28 13:29:17', '2015-02-28 13:29:17'),
(4, 1, 'Rollie', 'Dumalag', 'rollied', '43b0bb617615421dfa8bb6f0fe21d44e0999dfe1', 1, '2015-02-28 13:29:54', '2015-02-28 13:29:54'),
(5, 1, 'Jhopee', 'Agustin', 'jhopee', '72d49d36c8da75c531c1fcff936bbe4967d6539d', 1, '2015-02-28 13:30:30', '2015-02-28 13:30:30'),
(6, 1, 'William', 'Zimmerman', 'william', 'c824fe0afe16857dd6f587aa7c4044d2642d60fb', 1, '2015-03-05 14:25:00', '2015-03-05 14:25:00'),
(7, 1, 'Joy', 'Zulueta', 'joyz', '956628cdab4ed11572125a1ea3673c9577010f8b', 1, '2015-03-05 14:25:30', '2015-03-05 14:25:30'),
(8, 1, 'Oscar', 'Casaysay', 'oscarc', 'b2dccf7f78bea0d4d4b3d7565c6792658acb006e', 1, '2015-03-05 14:25:56', '2015-03-05 14:25:56'),
(9, 1, 'Ian', 'Garcia', 'iang', '5505b384367c8ee473b9858e9ce37425f831c5ae', 1, '2015-03-05 14:26:21', '2015-03-05 14:26:21'),
(10, 1, 'Jesselyn', 'Dela Cuesta', 'jesse', 'a5c95b3d7cb4d0ae05a15c79c79ab458dc2c8f9e', 1, '2015-03-05 14:26:45', '2015-03-05 14:26:45');

-- --------------------------------------------------------

--
-- Table structure for table `segments`
--

CREATE TABLE IF NOT EXISTS `segments` (
`id` int(20) NOT NULL,
  `competition_id` int(20) NOT NULL,
  `name` varchar(50) NOT NULL,
  `description` text NOT NULL,
  `slug` varchar(150) NOT NULL,
  `date` datetime NOT NULL,
  `venue` varchar(200) NOT NULL,
  `status` tinyint(1) NOT NULL,
  `_date_created` datetime NOT NULL DEFAULT CURRENT_TIMESTAMP,
  `_date_modified` datetime NOT NULL DEFAULT CURRENT_TIMESTAMP
) ENGINE=InnoDB AUTO_INCREMENT=5 DEFAULT CHARSET=latin1;

--
-- Dumping data for table `segments`
--

INSERT INTO `segments` (`id`, `competition_id`, `name`, `description`, `slug`, `date`, `venue`, `status`, `_date_created`, `_date_modified`) VALUES
(1, 1, 'Selection of Top 15', 'Selection of Top 15', 'selection-of-top-15', '2015-02-28 17:00:00', 'Felcris Centrale', 0, '0000-00-00 00:00:00', '0000-00-00 00:00:00'),
(2, 1, 'Talent Competition', 'Talent Competition', 'talent-competition', '2015-03-06 14:00:00', 'Gaisano Mall', 1, '2015-02-12 00:06:35', '2015-02-12 00:06:35'),
(3, 1, 'Top 5', 'Top 5', 'top-5', '2015-03-11 00:00:00', 'SM Lanang', 1, '2015-02-12 00:09:06', '2015-02-12 00:09:06'),
(4, 1, 'Selection of Winners', 'Selection of Winners', 'selection-of-winners', '2015-03-11 00:00:00', 'SM Lanang', 1, '2015-02-12 00:10:32', '2015-02-12 00:10:32');

-- --------------------------------------------------------

--
-- Table structure for table `segments_as_criteria`
--

CREATE TABLE IF NOT EXISTS `segments_as_criteria` (
`id` int(20) NOT NULL,
  `segment_id` int(20) NOT NULL,
  `node_segment_id` int(20) NOT NULL,
  `percentage` decimal(5,2) NOT NULL
) ENGINE=InnoDB AUTO_INCREMENT=3 DEFAULT CHARSET=latin1;

--
-- Dumping data for table `segments_as_criteria`
--

INSERT INTO `segments_as_criteria` (`id`, `segment_id`, `node_segment_id`, `percentage`) VALUES
(1, 4, 3, '50.00'),
(2, 3, 2, '15.00');

-- --------------------------------------------------------

--
-- Table structure for table `segment_contestants`
--

CREATE TABLE IF NOT EXISTS `segment_contestants` (
`id` int(20) NOT NULL,
  `segment_id` int(20) NOT NULL,
  `contestant_id` int(20) NOT NULL,
  `number` int(3) NOT NULL,
  `_date_created` datetime NOT NULL DEFAULT CURRENT_TIMESTAMP,
  `_date_modified` datetime NOT NULL DEFAULT CURRENT_TIMESTAMP
) ENGINE=InnoDB AUTO_INCREMENT=46 DEFAULT CHARSET=latin1;

--
-- Dumping data for table `segment_contestants`
--

INSERT INTO `segment_contestants` (`id`, `segment_id`, `contestant_id`, `number`, `_date_created`, `_date_modified`) VALUES
(1, 1, 1, 1, '2015-02-25 22:36:53', '2015-02-25 22:36:53'),
(2, 1, 2, 2, '2015-02-25 22:42:32', '2015-02-25 22:42:32'),
(3, 1, 3, 3, '2015-02-25 22:45:13', '2015-02-25 22:45:13'),
(4, 1, 4, 4, '2015-02-25 22:48:32', '2015-02-25 22:48:32'),
(5, 1, 5, 5, '2015-02-25 22:51:38', '2015-02-25 22:51:38'),
(6, 1, 6, 6, '2015-02-25 22:55:13', '2015-02-25 22:55:13'),
(7, 1, 7, 7, '2015-02-25 22:57:50', '2015-02-25 22:57:50'),
(8, 1, 8, 8, '2015-02-25 23:00:24', '2015-02-25 23:00:24'),
(9, 1, 9, 9, '2015-02-25 23:02:15', '2015-02-25 23:02:15'),
(10, 1, 10, 10, '2015-02-25 23:03:58', '2015-02-25 23:03:58'),
(11, 1, 11, 11, '2015-02-25 23:05:14', '2015-02-25 23:05:14'),
(12, 1, 12, 12, '2015-02-25 23:06:32', '2015-02-25 23:06:32'),
(13, 1, 13, 13, '2015-02-25 23:07:43', '2015-02-25 23:07:43'),
(14, 1, 14, 14, '2015-02-25 23:09:49', '2015-02-25 23:09:49'),
(15, 1, 15, 15, '2015-02-25 23:11:21', '2015-02-25 23:11:21'),
(16, 1, 16, 16, '2015-02-25 23:12:28', '2015-02-25 23:12:28'),
(17, 1, 17, 17, '2015-02-25 23:14:06', '2015-02-25 23:14:06'),
(18, 1, 18, 18, '2015-02-25 23:16:01', '2015-02-25 23:16:01'),
(19, 1, 19, 19, '2015-02-25 23:18:19', '2015-02-25 23:18:19'),
(20, 1, 20, 20, '2015-02-25 23:20:45', '2015-02-25 23:20:45'),
(21, 1, 21, 21, '2015-02-25 23:23:23', '2015-02-25 23:23:23'),
(22, 1, 22, 22, '2015-02-25 23:29:53', '2015-02-25 23:29:53'),
(23, 1, 23, 23, '2015-02-25 23:33:31', '2015-02-25 23:33:31'),
(24, 1, 24, 24, '2015-02-25 23:35:52', '2015-02-25 23:35:52'),
(25, 1, 25, 25, '2015-02-25 23:37:32', '2015-02-25 23:37:32'),
(26, 1, 26, 26, '2015-02-25 23:39:08', '2015-02-25 23:39:08'),
(27, 1, 27, 27, '2015-02-25 23:40:59', '2015-02-25 23:40:59'),
(28, 1, 28, 28, '2015-02-25 23:42:36', '2015-02-25 23:42:36'),
(29, 1, 29, 29, '2015-02-25 23:44:08', '2015-02-25 23:44:08'),
(30, 1, 30, 30, '2015-02-25 23:45:13', '2015-02-25 23:45:13'),
(31, 2, 18, 1, '2015-03-02 22:57:28', '2015-03-02 22:57:28'),
(32, 2, 30, 2, '2015-03-02 22:58:55', '2015-03-02 22:58:55'),
(33, 2, 17, 3, '2015-03-02 22:59:47', '2015-03-02 22:59:47'),
(34, 2, 27, 4, '2015-03-02 22:59:47', '2015-03-02 22:59:47'),
(35, 2, 23, 5, '2015-03-02 22:59:47', '2015-03-02 22:59:47'),
(36, 2, 14, 6, '2015-03-02 22:59:47', '2015-03-02 22:59:47'),
(37, 2, 9, 7, '2015-03-02 22:59:47', '2015-03-02 22:59:47'),
(38, 2, 20, 8, '2015-03-02 23:04:02', '2015-03-02 23:04:02'),
(39, 2, 26, 9, '2015-03-02 23:04:02', '2015-03-02 23:04:02'),
(40, 2, 28, 10, '2015-03-02 23:04:02', '2015-03-02 23:04:02'),
(41, 2, 13, 11, '2015-03-02 23:04:02', '2015-03-02 23:04:02'),
(42, 2, 24, 12, '2015-03-02 23:04:02', '2015-03-02 23:04:02'),
(43, 2, 16, 13, '2015-03-02 23:04:02', '2015-03-02 23:04:02'),
(44, 2, 25, 14, '2015-03-02 23:04:02', '2015-03-02 23:04:02'),
(45, 2, 19, 15, '2015-03-02 23:04:02', '2015-03-02 23:04:02');

-- --------------------------------------------------------

--
-- Table structure for table `segment_judges`
--

CREATE TABLE IF NOT EXISTS `segment_judges` (
`id` int(20) NOT NULL,
  `segment_id` int(20) NOT NULL,
  `judge_id` int(20) NOT NULL,
  `status` tinyint(1) NOT NULL DEFAULT '1',
  `_date_created` datetime NOT NULL DEFAULT CURRENT_TIMESTAMP,
  `_date_modified` datetime NOT NULL DEFAULT CURRENT_TIMESTAMP
) ENGINE=InnoDB AUTO_INCREMENT=12 DEFAULT CHARSET=latin1;

--
-- Dumping data for table `segment_judges`
--

INSERT INTO `segment_judges` (`id`, `segment_id`, `judge_id`, `status`, `_date_created`, `_date_modified`) VALUES
(1, 1, 1, 0, '2015-02-28 13:27:34', '2015-02-28 13:27:34'),
(2, 1, 2, 0, '2015-02-28 13:28:49', '2015-02-28 13:28:49'),
(3, 1, 3, 0, '2015-02-28 13:29:17', '2015-02-28 13:29:17'),
(4, 1, 4, 0, '2015-02-28 13:29:54', '2015-02-28 13:29:54'),
(5, 1, 5, 0, '2015-02-28 13:30:30', '2015-02-28 13:30:30'),
(7, 2, 6, 1, '2015-03-05 14:25:00', '2015-03-05 14:25:00'),
(8, 2, 7, 1, '2015-03-05 14:25:30', '2015-03-05 14:25:30'),
(9, 2, 8, 1, '2015-03-05 14:25:56', '2015-03-05 14:25:56'),
(10, 2, 9, 1, '2015-03-05 14:26:22', '2015-03-05 14:26:22'),
(11, 2, 10, 1, '2015-03-05 14:26:45', '2015-03-05 14:26:45');

-- --------------------------------------------------------

--
-- Table structure for table `segment_pages`
--

CREATE TABLE IF NOT EXISTS `segment_pages` (
`id` int(20) NOT NULL,
  `segment_id` int(20) NOT NULL,
  `judge` text NOT NULL COMMENT 'View for Single Judge Report',
  `segment` text NOT NULL COMMENT 'View for Segment Judges Report',
  `sheet` text NOT NULL COMMENT 'View for Segment Judge Scoring Sheet',
  `script` text NOT NULL COMMENT 'Script for Segment Judge Scoring Sheet'
) ENGINE=InnoDB AUTO_INCREMENT=3 DEFAULT CHARSET=latin1;

--
-- Dumping data for table `segment_pages`
--

INSERT INTO `segment_pages` (`id`, `segment_id`, `judge`, `segment`, `sheet`, `script`) VALUES
(1, 1, 'administrator/judges/sheet-selection-of-top-15', 'administrator/rankings/sheet-selection-of-top-15', '', ''),
(2, 2, 'administrator/judges/sheet-talent-competition', 'administrator/rankings/sheet-talent-competition', '', '');

--
-- Indexes for dumped tables
--

--
-- Indexes for table `administrators`
--
ALTER TABLE `administrators`
 ADD PRIMARY KEY (`id`), ADD KEY `username` (`username`);

--
-- Indexes for table `competitions`
--
ALTER TABLE `competitions`
 ADD PRIMARY KEY (`id`);

--
-- Indexes for table `contestants`
--
ALTER TABLE `contestants`
 ADD PRIMARY KEY (`id`), ADD KEY `competition_id` (`competition_id`);

--
-- Indexes for table `contestant_images`
--
ALTER TABLE `contestant_images`
 ADD PRIMARY KEY (`id`), ADD KEY `contestant_id` (`contestant_id`);

--
-- Indexes for table `criterias`
--
ALTER TABLE `criterias`
 ADD PRIMARY KEY (`id`), ADD KEY `segment_id` (`segment_id`);

--
-- Indexes for table `criteria_scores`
--
ALTER TABLE `criteria_scores`
 ADD PRIMARY KEY (`id`);

--
-- Indexes for table `judges`
--
ALTER TABLE `judges`
 ADD PRIMARY KEY (`id`), ADD KEY `username` (`username`), ADD KEY `competition_id` (`competition_id`);

--
-- Indexes for table `segments`
--
ALTER TABLE `segments`
 ADD PRIMARY KEY (`id`), ADD KEY `competition_id` (`competition_id`);

--
-- Indexes for table `segments_as_criteria`
--
ALTER TABLE `segments_as_criteria`
 ADD PRIMARY KEY (`id`);

--
-- Indexes for table `segment_contestants`
--
ALTER TABLE `segment_contestants`
 ADD PRIMARY KEY (`id`), ADD KEY `segment_id` (`segment_id`,`contestant_id`);

--
-- Indexes for table `segment_judges`
--
ALTER TABLE `segment_judges`
 ADD PRIMARY KEY (`id`), ADD KEY `segment_id` (`segment_id`), ADD KEY `judge_id` (`judge_id`);

--
-- Indexes for table `segment_pages`
--
ALTER TABLE `segment_pages`
 ADD PRIMARY KEY (`id`), ADD KEY `segment_id` (`segment_id`);

--
-- AUTO_INCREMENT for dumped tables
--

--
-- AUTO_INCREMENT for table `administrators`
--
ALTER TABLE `administrators`
MODIFY `id` int(20) NOT NULL AUTO_INCREMENT;
--
-- AUTO_INCREMENT for table `competitions`
--
ALTER TABLE `competitions`
MODIFY `id` int(20) NOT NULL AUTO_INCREMENT,AUTO_INCREMENT=2;
--
-- AUTO_INCREMENT for table `contestants`
--
ALTER TABLE `contestants`
MODIFY `id` int(20) NOT NULL AUTO_INCREMENT,AUTO_INCREMENT=31;
--
-- AUTO_INCREMENT for table `contestant_images`
--
ALTER TABLE `contestant_images`
MODIFY `id` int(20) NOT NULL AUTO_INCREMENT;
--
-- AUTO_INCREMENT for table `criterias`
--
ALTER TABLE `criterias`
MODIFY `id` int(20) NOT NULL AUTO_INCREMENT,AUTO_INCREMENT=17;
--
-- AUTO_INCREMENT for table `criteria_scores`
--
ALTER TABLE `criteria_scores`
MODIFY `id` int(20) NOT NULL AUTO_INCREMENT,AUTO_INCREMENT=853;
--
-- AUTO_INCREMENT for table `judges`
--
ALTER TABLE `judges`
MODIFY `id` int(20) NOT NULL AUTO_INCREMENT,AUTO_INCREMENT=11;
--
-- AUTO_INCREMENT for table `segments`
--
ALTER TABLE `segments`
MODIFY `id` int(20) NOT NULL AUTO_INCREMENT,AUTO_INCREMENT=5;
--
-- AUTO_INCREMENT for table `segments_as_criteria`
--
ALTER TABLE `segments_as_criteria`
MODIFY `id` int(20) NOT NULL AUTO_INCREMENT,AUTO_INCREMENT=3;
--
-- AUTO_INCREMENT for table `segment_contestants`
--
ALTER TABLE `segment_contestants`
MODIFY `id` int(20) NOT NULL AUTO_INCREMENT,AUTO_INCREMENT=46;
--
-- AUTO_INCREMENT for table `segment_judges`
--
ALTER TABLE `segment_judges`
MODIFY `id` int(20) NOT NULL AUTO_INCREMENT,AUTO_INCREMENT=12;
--
-- AUTO_INCREMENT for table `segment_pages`
--
ALTER TABLE `segment_pages`
MODIFY `id` int(20) NOT NULL AUTO_INCREMENT,AUTO_INCREMENT=3;
/*!40101 SET CHARACTER_SET_CLIENT=@OLD_CHARACTER_SET_CLIENT */;
/*!40101 SET CHARACTER_SET_RESULTS=@OLD_CHARACTER_SET_RESULTS */;
/*!40101 SET COLLATION_CONNECTION=@OLD_COLLATION_CONNECTION */;
