-- phpMyAdmin SQL Dump
-- version 4.2.11
-- http://www.phpmyadmin.net
--
-- Host: 127.0.0.1
-- Generation Time: Mar 14, 2015 at 04:35 PM
-- Server version: 5.6.21
-- PHP Version: 5.6.3

SET SQL_MODE = "NO_AUTO_VALUE_ON_ZERO";
SET time_zone = "+00:00";


/*!40101 SET @OLD_CHARACTER_SET_CLIENT=@@CHARACTER_SET_CLIENT */;
/*!40101 SET @OLD_CHARACTER_SET_RESULTS=@@CHARACTER_SET_RESULTS */;
/*!40101 SET @OLD_COLLATION_CONNECTION=@@COLLATION_CONNECTION */;
/*!40101 SET NAMES utf8 */;

--
-- Database: `project_tiara`
--

-- --------------------------------------------------------

--
-- Table structure for table `administrators`
--

CREATE TABLE IF NOT EXISTS `administrators` (
`id` int(20) NOT NULL,
  `first_name` varchar(50) NOT NULL,
  `last_name` varchar(50) NOT NULL,
  `username` varchar(50) NOT NULL,
  `password` varchar(255) NOT NULL,
  `status` tinyint(1) NOT NULL,
  `_date_created` datetime NOT NULL,
  `_date_modified` datetime NOT NULL
) ENGINE=InnoDB DEFAULT CHARSET=latin1;

-- --------------------------------------------------------

--
-- Table structure for table `competitions`
--

CREATE TABLE IF NOT EXISTS `competitions` (
`id` int(20) NOT NULL,
  `name` varchar(150) NOT NULL,
  `description` text NOT NULL,
  `slug` varchar(150) NOT NULL,
  `date` date NOT NULL,
  `status` tinyint(1) NOT NULL,
  `_date_created` datetime NOT NULL DEFAULT CURRENT_TIMESTAMP,
  `_date_modified` datetime NOT NULL DEFAULT CURRENT_TIMESTAMP
) ENGINE=InnoDB AUTO_INCREMENT=2 DEFAULT CHARSET=latin1;

--
-- Dumping data for table `competitions`
--

INSERT INTO `competitions` (`id`, `name`, `description`, `slug`, `date`, `status`, `_date_created`, `_date_modified`) VALUES
(1, 'Mutya ng Davao 2015', '78th Araw ng Davao Beauty Pageant', 'mutya-ng-dabaw-2015', '2015-02-28', 1, '0000-00-00 00:00:00', '0000-00-00 00:00:00');

-- --------------------------------------------------------

--
-- Table structure for table `contestants`
--

CREATE TABLE IF NOT EXISTS `contestants` (
`id` int(20) NOT NULL,
  `competition_id` int(20) NOT NULL,
  `first_name` varchar(50) NOT NULL,
  `middle_name` varchar(50) NOT NULL,
  `last_name` varchar(50) NOT NULL,
  `birthday` date NOT NULL,
  `BHW` varchar(8) NOT NULL COMMENT 'Bust-Waist-Hip',
  `height` varchar(5) NOT NULL,
  `weight` decimal(5,2) NOT NULL COMMENT 'Kilograms',
  `image` varchar(100) NOT NULL,
  `occupation` varchar(50) NOT NULL,
  `email` varchar(50) NOT NULL,
  `citizenship` varchar(25) NOT NULL,
  `_date_created` datetime NOT NULL DEFAULT CURRENT_TIMESTAMP,
  `_date_modified` datetime NOT NULL DEFAULT CURRENT_TIMESTAMP
) ENGINE=InnoDB AUTO_INCREMENT=31 DEFAULT CHARSET=latin1;

--
-- Dumping data for table `contestants`
--

INSERT INTO `contestants` (`id`, `competition_id`, `first_name`, `middle_name`, `last_name`, `birthday`, `BHW`, `height`, `weight`, `image`, `occupation`, `email`, `citizenship`, `_date_created`, `_date_modified`) VALUES
(1, 1, 'Jessa May', 'Mendoza', 'Bonguyan', '1990-05-23', '33-25-33', '5''4"', '48.00', 'uploads/jessa-may-bonguyan.jpg', 'Student', '', 'Filipino', '2015-02-25 22:36:53', '2015-02-25 22:36:53'),
(2, 1, 'Pamela Grace', 'M', 'Janson', '1993-12-01', '33-26-37', '5''7"', '57.00', 'uploads/pamela-grace-janson.jpg', 'Science Laboratory Officer in Charge', '', 'Filipino', '2015-02-25 22:42:32', '2015-02-25 22:42:32'),
(3, 1, 'Ma. Elainizelle Clarice', 'Montojo', 'Tiu', '1992-12-29', '32-24-35', '5''4"', '51.00', 'uploads/ma-elainizelle-clarice-tiu.jpg', 'Tax Auditor', 'claricetiu29@yahoo.com', 'Filipino', '2015-02-25 22:45:13', '2015-02-25 22:45:13'),
(4, 1, 'Shenna', 'Genova', 'Mendoza', '1995-02-13', '32-24-33', '5''9"', '51.00', 'uploads/shenna-mendoza.jpg', 'Photographer', 'shenna_genova@yahoo.com', 'Filipino', '2015-02-25 22:48:32', '2015-02-25 22:48:32'),
(5, 1, 'Charmaine Bless', 'Arcena', 'Shotwell', '1994-11-21', '32-25-33', '5''3"', '45.00', 'uploads/charmaine-bless-shotwell.jpg', 'Students', 'charmaineshotwell21@gmail.com', 'Filipino', '2015-02-25 22:51:38', '2015-02-25 22:51:38'),
(6, 1, 'Elme', 'M.', 'Mansilagan', '1997-03-27', '35-27-35', '5''6"', '55.00', 'uploads/elme-mansilagan.jpg', 'Student', 'elmemansilagan@yahoo.com', 'Filipino', '2015-02-25 22:55:13', '2015-02-25 22:55:13'),
(7, 1, 'Eva June Marie', 'Fiel', 'Sison', '1990-06-16', '34-25-35', '5''7"', '51.00', 'uploads/eva-june-marie-sison.jpg', '', 'junemariesison@yahoo.com', 'Filipino', '2015-02-25 22:57:50', '2015-02-25 22:57:50'),
(8, 1, 'Lucille', 'Ibay', 'Gokotano', '1993-09-21', '34-23-33', '5''6"', '46.00', 'uploads/lucille-gokotano.jpg', 'Customer Service Specialist', 'lucille21tiff@yahoo.com', 'Filipino', '2015-02-25 23:00:24', '2015-02-25 23:00:24'),
(9, 1, 'Chastine Jen', 'Talagtag', 'Montaño', '1995-09-30', '32-27-34', '5''8"', '55.00', 'uploads/chastine-jen-montaño.jpg', 'Student', 'chastinejenmontao@yahoo.com', 'Filipino', '2015-02-25 23:02:15', '2015-02-25 23:02:15'),
(10, 1, 'Mary Nicole', '', 'Bacaltos', '1995-05-26', '36-29-36', '5''5"', '58.00', 'uploads/mary-nicole-bacaltos.jpg', 'Student', 'bacaltosnicole@gmail.com', 'Filipino', '2015-02-25 23:03:58', '2015-02-25 23:03:58'),
(11, 1, 'Jeraldin', 'Abadinas', 'Pedroza', '1995-08-26', '33-26-35', '5''3"', '47.00', 'uploads/jeraldin-pedroza.jpg', 'Student', 'jeraldinpedroza@gmail.com', 'Filipino', '2015-02-25 23:05:14', '2015-02-25 23:05:14'),
(12, 1, 'Daremie', 'Silla', 'Espinosa', '1995-07-22', '32-27-35', '5''3"', '47.00', 'uploads/daremie-espinosa.jpg', 'Student', 'e.daremie@yahoo.com', 'Filipino', '2015-02-25 23:06:32', '2015-02-25 23:06:32'),
(13, 1, 'Regine', 'Lareta', 'Anillo', '1996-04-08', '32-23-33', '5''5"', '50.00', 'uploads/regine-anillo.jpg', 'Student', 'regine_anillo@yahoo.com.ph', 'Filipino', '2015-02-25 23:07:43', '2015-02-25 23:07:43'),
(14, 1, 'Nisreen', 'Salleh', 'Mohammad Khursid', '1994-02-25', '34-25-34', '5''7"', '54.00', 'uploads/nisreen-mohammad-khursid.jpg', 'Student', 'avrilrocks_25@yahoo.com', 'Filipino', '2015-02-25 23:09:49', '2015-02-25 23:09:49'),
(15, 1, 'Wiljeanne', 'Camallere', 'Rodriguez', '1996-04-30', '32-24-33', '5''4"', '44.00', 'uploads/wiljeanne-rodriguez.jpg', 'Student', 'wiljeannerodrihuez@gmail.com', 'Filipino', '2015-02-25 23:11:21', '2015-02-25 23:11:21'),
(16, 1, 'Pamela', '', 'Framil', '1995-03-03', '33-24-34', '5''6"', '48.00', 'uploads/pamela-framil.jpg', 'Student', 'framilpam@gmail.com', 'Filipino', '2015-02-25 23:12:28', '2015-02-25 23:12:28'),
(17, 1, 'Kris Abegail', 'Candolita', 'Guanzon', '1993-11-13', '34-27-36', '5''7"', '56.00', 'uploads/kris-abegail-guanzon.jpg', 'Assistant Manager- Field Sales Dep''t', 'begaiguanzon@gmail.com', 'Filipino', '2015-02-25 23:14:06', '2015-02-25 23:14:06'),
(18, 1, 'Marie Ernestine', '', 'Torro', '1993-08-09', '32-25-34', '5''5"', '55.00', 'uploads/marie-ernestine-torro.jpg', 'Marketing Specialist', 'torromeb@gmail.com', 'Filipino', '2015-02-25 23:16:01', '2015-02-25 23:16:01'),
(19, 1, 'Floreimer', 'G', 'Soriano', '1992-11-25', '32-25-33', '5''6"', '50.00', 'uploads/floreimer-soriano.jpg', 'Public School Teacher', 'floriemeesh@yahoo.com', 'Filipino', '2015-02-25 23:18:19', '2015-02-25 23:18:19'),
(20, 1, 'Christine Joy', 'Andaya', 'Alvarez', '1993-06-10', '35-25-36', '5''6"', '51.00', 'uploads/christine-joy-alvarez.jpg', 'Volunteer Nurse', 'christinealvarez0610@yahoo.com.ph', 'Filipino', '2015-02-25 23:20:45', '2015-02-25 23:20:45'),
(21, 1, 'Thea Margarette', 'R', 'Elipio', '1993-12-27', '33-24-34', '5''4"', '45.00', 'uploads/thea-margarette-elipio.jpg', 'Account Associate, VXI', 'theamargaretteroldanelipeio@gmail.com', 'Filipino', '2015-02-25 23:23:23', '2015-02-25 23:23:23'),
(22, 1, 'Jerzyl', 'Cabasag', 'Añana', '1994-01-16', '32-27-33', '5''4"', '49.00', 'uploads/jerzyl-anaña.jpg', 'Teacher', 'jerzyl.anana@gmail.com', 'Filipino', '2015-02-25 23:29:53', '2015-02-25 23:29:53'),
(23, 1, 'Trishia Joyce', 'Costagera', 'Sosmeña', '1994-08-07', '34-27-34', '5''7"', '52.00', 'uploads/trishia-joyce-sosmeña.jpg', 'Student', 'trishia_91@yahoo.com', 'Filipino', '2015-02-25 23:33:31', '2015-02-25 23:33:31'),
(24, 1, 'Lara Jane', 'Adanza', 'Saquin', '1995-11-21', '33-24-33', '5''4"', '48.00', 'uploads/lara-jane-saquin.jpg', 'Student', 'larajaneadanzasaquin@yahoo.com', 'Filipino', '2015-02-25 23:35:52', '2015-02-25 23:35:52'),
(25, 1, 'Marja Elana', 'Tan', 'Guino-o', '1994-08-02', '33-25-34', '5''4"', '52.00', 'uploads/marja-elana-guino-o.jpg', 'Student', 'marjaguinoo@gmail.com', 'Filipino', '2015-02-25 23:37:32', '2015-02-25 23:37:32'),
(26, 1, 'Niña Grace', 'Ycong', 'Sartagoda', '1996-01-08', '32-24-33', '5''4"', '45.00', 'uploads/ñina-grace-sartagoda.jpg', 'Student', 'Ninzsartagoda08@yahoo.com.ph', 'Filipino', '2015-02-25 23:39:08', '2015-02-25 23:39:08'),
(27, 1, 'Louise Ann', '', 'Canalija', '1993-03-14', '33-24-33', '5''4"', '48.00', 'uploads/louise-ann canalija.jpg', 'Sales and Marketing Executive', 'louisec.oneblue@gmail.com', 'Filipino', '2015-02-25 23:40:59', '2015-02-25 23:40:59'),
(28, 1, 'Jenefe', 'Ngoho', 'Simbajon', '1988-09-17', '34-27-35', '5''5"', '49.00', 'uploads/jenefe-simbajon.jpg', 'Accounting Staff', 'jenefesimbajon@gmail.com', 'Filipino', '2015-02-25 23:42:36', '2015-02-25 23:42:36'),
(29, 1, 'Darlene Paula', 'C', 'Dichoso', '1996-11-22', '33-25-35', '5''8"', '50.00', 'uploads/darlene-paula dichoso.jpg', 'Student', 'arlene_paw@yahoo.com', 'Filipino', '2015-02-25 23:44:08', '2015-02-25 23:44:08'),
(30, 1, 'Minette', 'Aguio', 'Macaraeg', '1995-02-13', '32-26-34', '5''4"', '50.00', 'uploads/minette-macaraeg.jpg', 'Student', '', 'Filipino', '2015-02-25 23:45:13', '2015-02-25 23:45:13');

-- --------------------------------------------------------

--
-- Table structure for table `contestant_images`
--

CREATE TABLE IF NOT EXISTS `contestant_images` (
`id` int(20) NOT NULL,
  `contestant_id` int(20) NOT NULL,
  `url` text NOT NULL,
  `_date_created` datetime NOT NULL DEFAULT CURRENT_TIMESTAMP,
  `_date_modified` datetime NOT NULL DEFAULT CURRENT_TIMESTAMP
) ENGINE=InnoDB DEFAULT CHARSET=latin1;

-- --------------------------------------------------------

--
-- Table structure for table `criterias`
--

CREATE TABLE IF NOT EXISTS `criterias` (
`id` int(20) NOT NULL,
  `segment_id` int(20) NOT NULL,
  `name` varchar(50) NOT NULL,
  `alias` varchar(10) NOT NULL,
  `description` varchar(50) NOT NULL,
  `percentage` decimal(5,2) NOT NULL,
  `readonly` tinyint(1) NOT NULL DEFAULT '0',
  `visibility` tinyint(1) DEFAULT '1' COMMENT '1: Both 2: Form 3: Report',
  `_date_created` datetime NOT NULL DEFAULT CURRENT_TIMESTAMP,
  `_date_modified` datetime NOT NULL DEFAULT CURRENT_TIMESTAMP
) ENGINE=InnoDB AUTO_INCREMENT=17 DEFAULT CHARSET=latin1;

--
-- Dumping data for table `criterias`
--

INSERT INTO `criterias` (`id`, `segment_id`, `name`, `alias`, `description`, `percentage`, `readonly`, `visibility`, `_date_created`, `_date_modified`) VALUES
(1, 1, 'Intelligence', '', 'Intelligence', '25.00', 0, 1, '2015-02-12 00:11:52', '2015-02-12 00:11:52'),
(2, 1, 'Personality', '', 'Personality', '25.00', 0, 1, '2015-02-12 00:11:52', '2015-02-12 00:11:52'),
(3, 1, 'Casual', '', 'Casual Competition', '20.00', 0, 1, '2015-02-12 00:12:28', '2015-02-12 00:12:28'),
(4, 1, 'Long Gown', '', 'Long Gown Competition', '20.00', 0, 1, '2015-02-12 00:12:28', '2015-02-12 00:12:28'),
(5, 1, 'Deportment', '', 'Deportment', '10.00', 0, 1, '2015-02-12 00:13:36', '2015-02-12 00:13:36'),
(6, 2, 'Talent', '', 'Special skills, abilities and uniqueness of talent', '30.00', 0, 1, '2015-02-12 00:13:36', '2015-02-12 00:13:36'),
(7, 2, 'Performance', '', 'Performance and execution', '30.00', 0, 1, '2015-02-12 00:14:03', '2015-02-12 00:14:03'),
(8, 2, 'Showmanship', '', 'Showmanship', '15.00', 0, 1, '2015-02-12 00:14:03', '2015-02-12 00:14:03'),
(9, 2, 'Over-all Impact', '', 'Over-all impact', '15.00', 0, 1, '2015-02-12 00:14:29', '2015-02-12 00:14:29'),
(10, 2, 'Deportment', '', 'Deportment', '10.00', 1, 3, '2015-02-12 00:14:29', '2015-02-12 00:14:29'),
(11, 3, 'Intelligence', '', 'Intelligence', '25.00', 1, 1, '2015-02-12 00:15:08', '2015-02-12 00:15:08'),
(12, 3, 'Personality', '', 'Personality', '30.00', 0, 1, '2015-02-12 00:15:08', '2015-02-12 00:15:08'),
(13, 3, 'Casual', '', 'Casual Competition', '15.00', 0, 1, '2015-02-12 00:15:37', '2015-02-12 00:15:37'),
(14, 3, 'Long Gown', '', 'Long Gown Competition', '15.00', 0, 1, '2015-02-12 00:15:37', '2015-02-12 00:15:37'),
(16, 4, 'QA', '', 'Question and answer', '50.00', 0, 1, '2015-02-12 00:16:34', '2015-02-12 00:16:34');

-- --------------------------------------------------------

--
-- Table structure for table `criteria_scores`
--

CREATE TABLE IF NOT EXISTS `criteria_scores` (
`id` int(20) NOT NULL,
  `criteria_id` int(20) NOT NULL,
  `segment_judge_id` int(20) NOT NULL,
  `segment_contestant_id` int(20) NOT NULL,
  `score` decimal(5,2) NOT NULL,
  `_date_created` datetime NOT NULL DEFAULT CURRENT_TIMESTAMP,
  `_date_modified` datetime NOT NULL DEFAULT CURRENT_TIMESTAMP
) ENGINE=InnoDB AUTO_INCREMENT=2146 DEFAULT CHARSET=latin1;

--
-- Dumping data for table `criteria_scores`
--

INSERT INTO `criteria_scores` (`id`, `criteria_id`, `segment_judge_id`, `segment_contestant_id`, `score`, `_date_created`, `_date_modified`) VALUES
(1, 3, 1, 1, '17.00', '2015-02-28 18:41:03', '2015-02-28 18:41:03'),
(2, 3, 1, 2, '16.00', '2015-02-28 18:41:12', '2015-02-28 18:41:12'),
(3, 3, 1, 3, '17.50', '2015-02-28 18:41:21', '2015-02-28 18:41:21'),
(4, 3, 1, 4, '15.50', '2015-02-28 18:41:36', '2015-02-28 18:41:36'),
(5, 3, 1, 5, '15.00', '2015-02-28 18:41:56', '2015-02-28 18:41:56'),
(6, 3, 1, 6, '17.70', '2015-02-28 18:42:59', '2015-02-28 18:42:59'),
(7, 3, 1, 7, '14.00', '2015-02-28 18:43:29', '2015-02-28 18:43:29'),
(8, 3, 1, 8, '14.50', '2015-02-28 18:43:55', '2015-02-28 18:43:55'),
(9, 3, 1, 9, '16.50', '2015-02-28 18:44:26', '2015-02-28 18:44:26'),
(10, 3, 1, 10, '17.30', '2015-02-28 18:44:57', '2015-02-28 18:44:57'),
(11, 3, 1, 11, '15.50', '2015-02-28 18:46:00', '2015-02-28 18:46:00'),
(12, 3, 1, 12, '14.00', '2015-02-28 18:46:25', '2015-02-28 18:46:25'),
(13, 3, 1, 13, '17.60', '2015-02-28 18:46:59', '2015-02-28 18:46:59'),
(14, 3, 1, 14, '18.50', '2015-02-28 18:47:39', '2015-02-28 18:47:39'),
(15, 3, 1, 15, '15.00', '2015-02-28 18:47:58', '2015-02-28 18:47:58'),
(16, 3, 1, 16, '18.70', '2015-02-28 18:49:06', '2015-02-28 18:49:06'),
(17, 3, 1, 17, '18.00', '2015-02-28 18:49:24', '2015-02-28 18:49:24'),
(18, 3, 1, 18, '16.70', '2015-02-28 18:49:45', '2015-02-28 18:49:45'),
(19, 3, 1, 19, '17.00', '2015-02-28 18:50:16', '2015-02-28 18:50:16'),
(20, 3, 1, 20, '17.50', '2015-02-28 18:50:39', '2015-02-28 18:50:39'),
(21, 3, 1, 21, '15.40', '2015-02-28 18:51:36', '2015-02-28 18:51:36'),
(22, 3, 1, 22, '16.30', '2015-02-28 18:52:06', '2015-02-28 18:52:06'),
(23, 3, 1, 23, '15.20', '2015-02-28 18:52:30', '2015-02-28 18:52:30'),
(24, 3, 1, 24, '16.80', '2015-02-28 18:52:58', '2015-02-28 18:52:58'),
(25, 3, 1, 25, '15.10', '2015-02-28 18:53:18', '2015-02-28 18:53:18'),
(26, 3, 1, 26, '18.40', '2015-02-28 18:54:28', '2015-02-28 18:54:28'),
(27, 3, 1, 27, '14.00', '2015-02-28 18:54:45', '2015-02-28 18:54:45'),
(28, 3, 1, 28, '16.30', '2015-02-28 18:55:15', '2015-02-28 18:55:15'),
(29, 3, 1, 29, '15.00', '2015-02-28 18:55:35', '2015-02-28 18:55:35'),
(30, 3, 1, 30, '18.20', '2015-02-28 18:56:12', '2015-02-28 18:56:12'),
(31, 3, 2, 1, '14.00', '2015-02-28 19:08:49', '2015-02-28 19:08:49'),
(32, 3, 2, 2, '15.00', '2015-02-28 19:09:23', '2015-02-28 19:09:23'),
(33, 3, 2, 3, '13.00', '2015-02-28 19:09:50', '2015-02-28 19:09:50'),
(34, 3, 2, 4, '13.00', '2015-02-28 19:10:18', '2015-02-28 19:10:18'),
(35, 3, 2, 5, '14.00', '2015-02-28 19:10:39', '2015-02-28 19:10:39'),
(36, 3, 2, 6, '14.00', '2015-02-28 19:11:02', '2015-02-28 19:11:02'),
(37, 3, 2, 7, '15.00', '2015-02-28 19:11:30', '2015-02-28 19:11:30'),
(38, 3, 2, 8, '13.00', '2015-02-28 19:12:08', '2015-02-28 19:12:08'),
(39, 3, 2, 9, '15.00', '2015-02-28 19:12:39', '2015-02-28 19:12:39'),
(40, 3, 2, 10, '15.00', '2015-02-28 19:13:37', '2015-02-28 19:13:37'),
(41, 3, 2, 11, '14.00', '2015-02-28 19:14:01', '2015-02-28 19:14:01'),
(42, 3, 2, 12, '15.00', '2015-02-28 19:14:27', '2015-02-28 19:14:27'),
(43, 3, 2, 13, '16.00', '2015-02-28 19:14:56', '2015-02-28 19:14:56'),
(44, 3, 2, 14, '18.15', '2015-02-28 19:15:31', '2015-02-28 19:15:31'),
(45, 3, 2, 15, '15.00', '2015-02-28 19:15:53', '2015-02-28 19:15:53'),
(46, 3, 2, 16, '19.00', '2015-02-28 19:16:11', '2015-02-28 19:16:11'),
(47, 3, 2, 17, '16.00', '2015-02-28 19:16:33', '2015-02-28 19:16:33'),
(48, 3, 2, 18, '17.00', '2015-02-28 19:16:56', '2015-02-28 19:16:56'),
(49, 3, 2, 19, '17.00', '2015-02-28 19:17:18', '2015-02-28 19:17:18'),
(50, 3, 2, 20, '19.00', '2015-02-28 19:18:01', '2015-02-28 19:18:01'),
(51, 3, 2, 21, '14.00', '2015-02-28 19:18:24', '2015-02-28 19:18:24'),
(52, 3, 2, 22, '16.00', '2015-02-28 19:18:51', '2015-02-28 19:18:51'),
(53, 3, 2, 23, '18.00', '2015-02-28 19:19:15', '2015-02-28 19:19:15'),
(54, 3, 2, 24, '17.00', '2015-02-28 19:19:40', '2015-02-28 19:19:40'),
(55, 3, 2, 25, '17.00', '2015-02-28 19:20:06', '2015-02-28 19:20:06'),
(56, 3, 2, 26, '17.00', '2015-02-28 19:20:25', '2015-02-28 19:20:25'),
(57, 3, 2, 27, '15.00', '2015-02-28 19:20:56', '2015-02-28 19:20:56'),
(58, 3, 2, 28, '18.00', '2015-02-28 19:21:14', '2015-02-28 19:21:14'),
(59, 3, 2, 29, '18.00', '2015-02-28 19:21:22', '2015-02-28 19:21:22'),
(60, 3, 4, 1, '18.00', '2015-02-28 19:23:49', '2015-02-28 19:23:49'),
(61, 3, 4, 2, '18.00', '2015-02-28 19:23:52', '2015-02-28 19:23:52'),
(62, 3, 4, 3, '18.00', '2015-02-28 19:24:08', '2015-02-28 19:24:08'),
(63, 3, 4, 4, '15.00', '2015-02-28 19:24:21', '2015-02-28 19:24:21'),
(64, 3, 4, 5, '15.00', '2015-02-28 19:24:37', '2015-02-28 19:24:37'),
(65, 3, 4, 6, '17.00', '2015-02-28 19:24:49', '2015-02-28 19:24:49'),
(66, 3, 4, 7, '15.00', '2015-02-28 19:25:00', '2015-02-28 19:25:00'),
(67, 3, 4, 8, '19.00', '2015-02-28 19:25:12', '2015-02-28 19:25:12'),
(68, 3, 4, 9, '18.00', '2015-02-28 19:25:23', '2015-02-28 19:25:23'),
(69, 3, 4, 10, '14.00', '2015-02-28 19:25:34', '2015-02-28 19:25:34'),
(70, 3, 4, 11, '14.00', '2015-02-28 19:25:45', '2015-02-28 19:25:45'),
(71, 3, 4, 12, '16.00', '2015-02-28 19:26:00', '2015-02-28 19:26:00'),
(72, 3, 4, 13, '18.00', '2015-02-28 19:26:11', '2015-02-28 19:26:11'),
(73, 3, 4, 14, '19.00', '2015-02-28 19:26:18', '2015-02-28 19:26:18'),
(74, 3, 4, 15, '16.00', '2015-02-28 19:26:30', '2015-02-28 19:26:30'),
(75, 3, 4, 16, '18.00', '2015-02-28 19:26:37', '2015-02-28 19:26:37'),
(76, 3, 4, 17, '18.00', '2015-02-28 19:26:51', '2015-02-28 19:26:51'),
(77, 3, 4, 18, '16.00', '2015-02-28 19:27:03', '2015-02-28 19:27:03'),
(78, 3, 4, 19, '16.00', '2015-02-28 19:27:31', '2015-02-28 19:27:31'),
(79, 3, 4, 20, '19.00', '2015-02-28 19:27:47', '2015-02-28 19:27:47'),
(80, 3, 4, 21, '14.00', '2015-02-28 19:27:55', '2015-02-28 19:27:55'),
(81, 3, 4, 22, '14.00', '2015-02-28 19:27:57', '2015-02-28 19:27:57'),
(82, 3, 4, 23, '16.00', '2015-02-28 19:28:16', '2015-02-28 19:28:16'),
(83, 3, 4, 24, '17.00', '2015-02-28 19:28:43', '2015-02-28 19:28:43'),
(84, 3, 4, 25, '14.00', '2015-02-28 19:28:55', '2015-02-28 19:28:55'),
(85, 3, 4, 26, '17.00', '2015-02-28 19:29:07', '2015-02-28 19:29:07'),
(86, 3, 4, 27, '18.00', '2015-02-28 19:29:15', '2015-02-28 19:29:15'),
(87, 3, 4, 28, '18.00', '2015-02-28 19:29:30', '2015-02-28 19:29:30'),
(88, 3, 4, 29, '19.00', '2015-02-28 19:29:46', '2015-02-28 19:29:46'),
(89, 3, 4, 30, '18.00', '2015-02-28 19:29:59', '2015-02-28 19:29:59'),
(90, 3, 2, 30, '18.00', '2015-02-28 19:31:41', '2015-02-28 19:31:41'),
(91, 4, 1, 1, '14.00', '2015-02-28 19:31:43', '2015-02-28 19:31:43'),
(92, 2, 1, 1, '14.50', '2015-02-28 19:31:50', '2015-02-28 19:31:50'),
(93, 4, 2, 1, '19.00', '2015-02-28 19:32:39', '2015-02-28 19:32:39'),
(94, 4, 1, 2, '17.00', '2015-02-28 19:32:41', '2015-02-28 19:32:41'),
(95, 2, 1, 2, '19.50', '2015-02-28 19:32:44', '2015-02-28 19:32:44'),
(96, 4, 2, 2, '17.00', '2015-02-28 19:33:19', '2015-02-28 19:33:19'),
(97, 4, 1, 3, '15.00', '2015-02-28 19:33:45', '2015-02-28 19:33:45'),
(98, 2, 1, 3, '15.20', '2015-02-28 19:33:49', '2015-02-28 19:33:49'),
(99, 4, 1, 4, '13.00', '2015-02-28 19:34:06', '2015-02-28 19:34:06'),
(100, 4, 2, 3, '15.00', '2015-02-28 19:34:21', '2015-02-28 19:34:21'),
(101, 2, 1, 4, '14.00', '2015-02-28 19:34:22', '2015-02-28 19:34:22'),
(102, 4, 2, 4, '18.00', '2015-02-28 19:35:08', '2015-02-28 19:35:08'),
(103, 4, 1, 5, '16.00', '2015-02-28 19:35:10', '2015-02-28 19:35:10'),
(104, 2, 1, 5, '17.00', '2015-02-28 19:35:19', '2015-02-28 19:35:19'),
(105, 4, 2, 5, '17.00', '2015-02-28 19:36:27', '2015-02-28 19:36:27'),
(106, 4, 1, 6, '17.00', '2015-02-28 19:36:28', '2015-02-28 19:36:28'),
(107, 2, 1, 6, '18.90', '2015-02-28 19:36:33', '2015-02-28 19:36:33'),
(108, 4, 2, 6, '15.00', '2015-02-28 19:37:03', '2015-02-28 19:37:03'),
(109, 4, 1, 7, '16.00', '2015-02-28 19:37:04', '2015-02-28 19:37:04'),
(110, 2, 1, 7, '17.80', '2015-02-28 19:37:08', '2015-02-28 19:37:08'),
(111, 4, 2, 7, '19.00', '2015-02-28 19:38:00', '2015-02-28 19:38:00'),
(112, 4, 1, 8, '15.00', '2015-02-28 19:38:09', '2015-02-28 19:38:09'),
(113, 2, 1, 8, '17.00', '2015-02-28 19:38:13', '2015-02-28 19:38:13'),
(114, 4, 1, 9, '16.00', '2015-02-28 19:38:49', '2015-02-28 19:38:49'),
(115, 4, 2, 8, '18.00', '2015-02-28 19:38:53', '2015-02-28 19:38:53'),
(116, 2, 1, 9, '18.00', '2015-02-28 19:38:54', '2015-02-28 19:38:54'),
(117, 4, 1, 10, '15.60', '2015-02-28 19:39:28', '2015-02-28 19:39:28'),
(118, 4, 2, 9, '17.00', '2015-02-28 19:39:31', '2015-02-28 19:39:31'),
(119, 2, 1, 10, '19.00', '2015-02-28 19:39:34', '2015-02-28 19:39:34'),
(120, 4, 2, 10, '15.00', '2015-02-28 19:41:35', '2015-02-28 19:41:35'),
(121, 4, 1, 11, '16.00', '2015-02-28 19:42:03', '2015-02-28 19:42:03'),
(122, 4, 2, 11, '17.00', '2015-02-28 19:42:04', '2015-02-28 19:42:04'),
(123, 2, 1, 11, '18.00', '2015-02-28 19:42:06', '2015-02-28 19:42:06'),
(124, 4, 1, 12, '14.00', '2015-02-28 19:42:40', '2015-02-28 19:42:40'),
(125, 2, 1, 12, '16.00', '2015-02-28 19:42:43', '2015-02-28 19:42:43'),
(126, 4, 2, 12, '18.00', '2015-02-28 19:43:42', '2015-02-28 19:43:42'),
(127, 4, 1, 13, '16.20', '2015-02-28 19:43:45', '2015-02-28 19:43:45'),
(128, 2, 1, 13, '21.00', '2015-02-28 19:43:48', '2015-02-28 19:43:48'),
(129, 4, 2, 13, '18.00', '2015-02-28 19:44:38', '2015-02-28 19:44:38'),
(130, 4, 1, 14, '19.00', '2015-02-28 19:44:50', '2015-02-28 19:44:50'),
(131, 2, 1, 14, '23.00', '2015-02-28 19:44:51', '2015-02-28 19:44:51'),
(132, 4, 1, 15, '15.00', '2015-02-28 19:45:26', '2015-02-28 19:45:26'),
(133, 2, 1, 15, '18.00', '2015-02-28 19:45:28', '2015-02-28 19:45:28'),
(134, 4, 2, 14, '19.00', '2015-02-28 19:45:35', '2015-02-28 19:45:35'),
(135, 4, 1, 16, '18.00', '2015-02-28 19:47:00', '2015-02-28 19:47:00'),
(136, 2, 1, 16, '23.50', '2015-02-28 19:47:04', '2015-02-28 19:47:04'),
(137, 4, 2, 15, '19.00', '2015-02-28 19:47:11', '2015-02-28 19:47:11'),
(138, 4, 2, 16, '20.00', '2015-02-28 19:47:47', '2015-02-28 19:47:47'),
(139, 4, 1, 17, '16.00', '2015-02-28 19:47:48', '2015-02-28 19:47:48'),
(140, 2, 1, 17, '21.50', '2015-02-28 19:47:52', '2015-02-28 19:47:52'),
(141, 4, 2, 17, '18.00', '2015-02-28 19:48:54', '2015-02-28 19:48:54'),
(142, 4, 1, 18, '18.70', '2015-02-28 19:48:54', '2015-02-28 19:48:54'),
(143, 2, 1, 18, '21.00', '2015-02-28 19:48:57', '2015-02-28 19:48:57'),
(144, 4, 1, 19, '17.00', '2015-02-28 19:49:34', '2015-02-28 19:49:34'),
(145, 4, 2, 18, '19.00', '2015-02-28 19:49:34', '2015-02-28 19:49:34'),
(146, 2, 1, 19, '19.00', '2015-02-28 19:49:36', '2015-02-28 19:49:36'),
(147, 4, 1, 20, '18.00', '2015-02-28 19:49:59', '2015-02-28 19:49:59'),
(148, 2, 1, 20, '22.00', '2015-02-28 19:50:01', '2015-02-28 19:50:01'),
(149, 4, 2, 19, '18.00', '2015-02-28 19:50:08', '2015-02-28 19:50:08'),
(150, 4, 1, 21, '16.00', '2015-02-28 19:51:33', '2015-02-28 19:51:33'),
(151, 2, 1, 21, '18.00', '2015-02-28 19:51:35', '2015-02-28 19:51:35'),
(152, 4, 2, 20, '19.00', '2015-02-28 19:51:36', '2015-02-28 19:51:36'),
(153, 4, 2, 21, '17.00', '2015-02-28 19:52:15', '2015-02-28 19:52:15'),
(154, 4, 1, 22, '16.30', '2015-02-28 19:52:19', '2015-02-28 19:52:19'),
(155, 2, 1, 22, '21.20', '2015-02-28 19:52:23', '2015-02-28 19:52:23'),
(156, 4, 2, 22, '17.00', '2015-02-28 19:52:46', '2015-02-28 19:52:46'),
(157, 4, 1, 23, '17.00', '2015-02-28 19:52:50', '2015-02-28 19:52:50'),
(158, 2, 1, 23, '18.00', '2015-02-28 19:52:52', '2015-02-28 19:52:52'),
(159, 4, 1, 24, '15.00', '2015-02-28 19:53:39', '2015-02-28 19:53:39'),
(160, 2, 1, 24, '19.00', '2015-02-28 19:53:42', '2015-02-28 19:53:42'),
(161, 4, 2, 23, '19.00', '2015-02-28 19:53:47', '2015-02-28 19:53:47'),
(162, 4, 1, 25, '16.00', '2015-02-28 19:54:42', '2015-02-28 19:54:42'),
(163, 4, 2, 24, '19.00', '2015-02-28 19:54:44', '2015-02-28 19:54:44'),
(164, 2, 1, 25, '18.00', '2015-02-28 19:54:47', '2015-02-28 19:54:47'),
(165, 4, 1, 26, '16.00', '2015-02-28 19:56:01', '2015-02-28 19:56:01'),
(166, 4, 2, 25, '19.00', '2015-02-28 19:56:01', '2015-02-28 19:56:01'),
(167, 2, 1, 26, '23.00', '2015-02-28 19:56:04', '2015-02-28 19:56:04'),
(168, 4, 1, 27, '17.00', '2015-02-28 19:56:45', '2015-02-28 19:56:45'),
(169, 2, 1, 27, '20.00', '2015-02-28 19:56:48', '2015-02-28 19:56:48'),
(170, 4, 2, 26, '18.00', '2015-02-28 19:56:48', '2015-02-28 19:56:48'),
(171, 4, 2, 27, '19.00', '2015-02-28 19:57:38', '2015-02-28 19:57:38'),
(172, 4, 1, 28, '18.00', '2015-02-28 19:57:39', '2015-02-28 19:57:39'),
(173, 2, 1, 28, '23.00', '2015-02-28 19:57:41', '2015-02-28 19:57:41'),
(174, 4, 2, 28, '20.00', '2015-02-28 19:58:06', '2015-02-28 19:58:06'),
(175, 4, 1, 29, '15.00', '2015-02-28 19:58:09', '2015-02-28 19:58:09'),
(176, 2, 1, 29, '18.00', '2015-02-28 19:58:11', '2015-02-28 19:58:11'),
(177, 4, 2, 29, '17.00', '2015-02-28 19:58:37', '2015-02-28 19:58:37'),
(178, 4, 1, 30, '18.00', '2015-02-28 19:58:45', '2015-02-28 19:58:45'),
(179, 2, 1, 30, '22.60', '2015-02-28 19:58:50', '2015-02-28 19:58:50'),
(180, 4, 4, 24, '18.00', '2015-02-28 20:00:02', '2015-02-28 20:00:02'),
(181, 4, 4, 25, '17.00', '2015-02-28 20:00:04', '2015-02-28 20:00:04'),
(182, 4, 4, 30, '19.00', '2015-02-28 20:00:36', '2015-02-28 20:00:36'),
(183, 4, 4, 29, '18.00', '2015-02-28 20:00:39', '2015-02-28 20:00:39'),
(184, 4, 4, 28, '19.00', '2015-02-28 20:00:59', '2015-02-28 20:00:59'),
(185, 4, 4, 27, '18.00', '2015-02-28 20:01:04', '2015-02-28 20:01:04'),
(186, 4, 2, 30, '17.00', '2015-02-28 20:06:51', '2015-02-28 20:06:51'),
(187, 1, 1, 1, '20.00', '2015-02-28 20:07:23', '2015-02-28 20:07:23'),
(188, 5, 1, 1, '7.00', '2015-02-28 20:07:25', '2015-02-28 20:07:25'),
(189, 1, 5, 1, '20.00', '2015-02-28 20:07:38', '2015-02-28 20:07:38'),
(190, 2, 5, 1, '20.00', '2015-02-28 20:08:00', '2015-02-28 20:08:00'),
(191, 3, 5, 1, '15.00', '2015-02-28 20:08:04', '2015-02-28 20:08:04'),
(192, 4, 5, 1, '12.00', '2015-02-28 20:08:17', '2015-02-28 20:08:17'),
(193, 1, 2, 1, '18.00', '2015-02-28 20:09:11', '2015-02-28 20:09:11'),
(194, 5, 5, 1, '8.00', '2015-02-28 20:09:26', '2015-02-28 20:09:26'),
(195, 1, 5, 2, '15.00', '2015-02-28 20:09:41', '2015-02-28 20:09:41'),
(196, 2, 5, 2, '15.00', '2015-02-28 20:09:44', '2015-02-28 20:09:44'),
(197, 3, 5, 2, '12.00', '2015-02-28 20:09:49', '2015-02-28 20:09:49'),
(198, 1, 2, 2, '22.00', '2015-02-28 20:09:55', '2015-02-28 20:09:55'),
(199, 4, 5, 2, '10.00', '2015-02-28 20:09:56', '2015-02-28 20:09:56'),
(200, 5, 5, 2, '7.00', '2015-02-28 20:10:06', '2015-02-28 20:10:06'),
(201, 1, 1, 2, '18.00', '2015-02-28 20:11:08', '2015-02-28 20:11:08'),
(202, 1, 1, 3, '17.00', '2015-02-28 20:11:14', '2015-02-28 20:11:14'),
(203, 1, 5, 3, '18.00', '2015-02-28 20:11:26', '2015-02-28 20:11:26'),
(204, 2, 5, 3, '18.00', '2015-02-28 20:11:29', '2015-02-28 20:11:29'),
(205, 3, 5, 3, '14.00', '2015-02-28 20:11:32', '2015-02-28 20:11:32'),
(206, 4, 5, 3, '15.00', '2015-02-28 20:11:36', '2015-02-28 20:11:36'),
(207, 5, 5, 3, '8.00', '2015-02-28 20:11:40', '2015-02-28 20:11:40'),
(208, 1, 2, 3, '21.00', '2015-02-28 20:12:31', '2015-02-28 20:12:31'),
(209, 1, 5, 4, '18.00', '2015-02-28 20:12:50', '2015-02-28 20:12:50'),
(210, 1, 1, 4, '18.00', '2015-02-28 20:12:54', '2015-02-28 20:12:54'),
(211, 2, 5, 4, '18.00', '2015-02-28 20:12:58', '2015-02-28 20:12:58'),
(212, 3, 5, 4, '12.00', '2015-02-28 20:13:04', '2015-02-28 20:13:04'),
(213, 4, 5, 4, '10.00', '2015-02-28 20:13:09', '2015-02-28 20:13:09'),
(214, 5, 5, 4, '7.00', '2015-02-28 20:13:15', '2015-02-28 20:13:15'),
(215, 1, 2, 4, '22.00', '2015-02-28 20:13:49', '2015-02-28 20:13:49'),
(216, 1, 1, 5, '20.00', '2015-02-28 20:13:52', '2015-02-28 20:13:52'),
(217, 5, 1, 5, '7.00', '2015-02-28 20:13:54', '2015-02-28 20:13:54'),
(218, 1, 2, 5, '23.00', '2015-02-28 20:13:55', '2015-02-28 20:13:55'),
(219, 1, 5, 5, '20.00', '2015-02-28 20:14:27', '2015-02-28 20:14:27'),
(220, 2, 5, 5, '20.00', '2015-02-28 20:14:30', '2015-02-28 20:14:30'),
(221, 3, 5, 5, '15.00', '2015-02-28 20:14:34', '2015-02-28 20:14:34'),
(222, 4, 5, 5, '18.00', '2015-02-28 20:14:38', '2015-02-28 20:14:38'),
(223, 5, 5, 5, '8.00', '2015-02-28 20:14:46', '2015-02-28 20:14:46'),
(224, 1, 1, 6, '20.00', '2015-02-28 20:15:18', '2015-02-28 20:15:18'),
(225, 5, 1, 6, '7.00', '2015-02-28 20:15:25', '2015-02-28 20:15:25'),
(226, 1, 5, 6, '15.00', '2015-02-28 20:15:39', '2015-02-28 20:15:39'),
(227, 2, 5, 6, '15.00', '2015-02-28 20:15:43', '2015-02-28 20:15:43'),
(228, 3, 5, 6, '12.00', '2015-02-28 20:15:46', '2015-02-28 20:15:46'),
(229, 4, 5, 6, '10.00', '2015-02-28 20:15:49', '2015-02-28 20:15:49'),
(230, 5, 5, 6, '7.00', '2015-02-28 20:15:52', '2015-02-28 20:15:52'),
(231, 1, 2, 6, '19.00', '2015-02-28 20:17:41', '2015-02-28 20:17:41'),
(232, 1, 1, 7, '20.00', '2015-02-28 20:17:44', '2015-02-28 20:17:44'),
(233, 5, 1, 7, '7.00', '2015-02-28 20:17:46', '2015-02-28 20:17:46'),
(234, 1, 5, 7, '22.00', '2015-02-28 20:17:54', '2015-02-28 20:17:54'),
(235, 2, 5, 7, '22.00', '2015-02-28 20:17:56', '2015-02-28 20:17:56'),
(236, 3, 5, 7, '15.00', '2015-02-28 20:17:59', '2015-02-28 20:17:59'),
(237, 4, 5, 7, '12.00', '2015-02-28 20:18:14', '2015-02-28 20:18:14'),
(238, 5, 5, 7, '9.00', '2015-02-28 20:18:28', '2015-02-28 20:18:28'),
(239, 1, 2, 7, '23.00', '2015-02-28 20:19:27', '2015-02-28 20:19:27'),
(240, 1, 5, 8, '18.00', '2015-02-28 20:19:37', '2015-02-28 20:19:37'),
(241, 2, 5, 8, '18.00', '2015-02-28 20:19:40', '2015-02-28 20:19:40'),
(242, 3, 5, 8, '12.00', '2015-02-28 20:19:43', '2015-02-28 20:19:43'),
(243, 1, 1, 8, '21.00', '2015-02-28 20:19:47', '2015-02-28 20:19:47'),
(244, 5, 1, 8, '7.00', '2015-02-28 20:19:52', '2015-02-28 20:19:52'),
(245, 4, 5, 8, '17.00', '2015-02-28 20:20:03', '2015-02-28 20:20:03'),
(246, 5, 5, 8, '7.00', '2015-02-28 20:20:14', '2015-02-28 20:20:14'),
(247, 1, 2, 8, '21.00', '2015-02-28 20:20:23', '2015-02-28 20:20:23'),
(248, 1, 1, 9, '23.00', '2015-02-28 20:21:08', '2015-02-28 20:21:08'),
(249, 5, 1, 9, '8.00', '2015-02-28 20:21:10', '2015-02-28 20:21:10'),
(250, 1, 2, 9, '24.00', '2015-02-28 20:21:18', '2015-02-28 20:21:18'),
(251, 1, 5, 9, '22.00', '2015-02-28 20:21:23', '2015-02-28 20:21:23'),
(252, 2, 5, 9, '22.00', '2015-02-28 20:21:26', '2015-02-28 20:21:26'),
(253, 3, 5, 9, '15.00', '2015-02-28 20:21:28', '2015-02-28 20:21:28'),
(254, 4, 5, 9, '12.00', '2015-02-28 20:21:34', '2015-02-28 20:21:34'),
(255, 5, 5, 9, '8.00', '2015-02-28 20:21:38', '2015-02-28 20:21:38'),
(256, 1, 1, 10, '23.50', '2015-02-28 20:23:11', '2015-02-28 20:23:11'),
(257, 1, 2, 10, '22.00', '2015-02-28 20:23:12', '2015-02-28 20:23:12'),
(258, 5, 1, 10, '8.50', '2015-02-28 20:23:15', '2015-02-28 20:23:15'),
(259, 1, 5, 10, '18.00', '2015-02-28 20:23:21', '2015-02-28 20:23:21'),
(260, 2, 5, 10, '18.00', '2015-02-28 20:23:24', '2015-02-28 20:23:24'),
(261, 3, 5, 10, '12.00', '2015-02-28 20:23:26', '2015-02-28 20:23:26'),
(262, 4, 5, 10, '10.00', '2015-02-28 20:23:31', '2015-02-28 20:23:31'),
(263, 5, 5, 10, '7.00', '2015-02-28 20:23:33', '2015-02-28 20:23:33'),
(264, 1, 1, 11, '21.00', '2015-02-28 20:25:06', '2015-02-28 20:25:06'),
(265, 5, 1, 11, '7.50', '2015-02-28 20:25:08', '2015-02-28 20:25:08'),
(266, 1, 5, 11, '19.00', '2015-02-28 20:25:13', '2015-02-28 20:25:13'),
(267, 2, 5, 11, '19.00', '2015-02-28 20:25:16', '2015-02-28 20:25:16'),
(268, 3, 5, 11, '12.00', '2015-02-28 20:25:19', '2015-02-28 20:25:19'),
(269, 4, 5, 11, '10.00', '2015-02-28 20:25:26', '2015-02-28 20:25:26'),
(270, 5, 5, 11, '7.00', '2015-02-28 20:25:29', '2015-02-28 20:25:29'),
(271, 1, 2, 11, '23.00', '2015-02-28 20:25:55', '2015-02-28 20:25:55'),
(272, 1, 1, 12, '24.00', '2015-02-28 20:26:49', '2015-02-28 20:26:49'),
(273, 5, 1, 12, '8.00', '2015-02-28 20:26:51', '2015-02-28 20:26:51'),
(274, 1, 5, 12, '20.00', '2015-02-28 20:27:01', '2015-02-28 20:27:01'),
(275, 2, 5, 12, '20.00', '2015-02-28 20:27:04', '2015-02-28 20:27:04'),
(276, 3, 5, 12, '15.00', '2015-02-28 20:27:08', '2015-02-28 20:27:08'),
(277, 4, 5, 12, '12.00', '2015-02-28 20:27:12', '2015-02-28 20:27:12'),
(278, 5, 5, 12, '8.00', '2015-02-28 20:27:14', '2015-02-28 20:27:14'),
(279, 1, 2, 12, '24.00', '2015-02-28 20:27:35', '2015-02-28 20:27:35'),
(280, 1, 5, 13, '22.00', '2015-02-28 20:28:31', '2015-02-28 20:28:31'),
(281, 2, 5, 13, '22.00', '2015-02-28 20:28:33', '2015-02-28 20:28:33'),
(282, 1, 1, 13, '21.00', '2015-02-28 20:28:45', '2015-02-28 20:28:45'),
(283, 5, 1, 13, '7.00', '2015-02-28 20:28:49', '2015-02-28 20:28:49'),
(284, 4, 5, 13, '12.00', '2015-02-28 20:28:54', '2015-02-28 20:28:54'),
(285, 5, 5, 13, '8.00', '2015-02-28 20:28:57', '2015-02-28 20:28:57'),
(286, 3, 5, 13, '15.00', '2015-02-28 20:29:10', '2015-02-28 20:29:10'),
(287, 1, 2, 13, '23.23', '2015-02-28 20:30:32', '2015-02-28 20:30:32'),
(288, 1, 1, 14, '23.50', '2015-02-28 20:30:40', '2015-02-28 20:30:40'),
(289, 1, 2, 14, '23.00', '2015-02-28 20:30:42', '2015-02-28 20:30:42'),
(290, 5, 1, 14, '9.50', '2015-02-28 20:30:42', '2015-02-28 20:30:42'),
(291, 1, 5, 14, '20.00', '2015-02-28 20:30:47', '2015-02-28 20:30:47'),
(292, 2, 5, 14, '20.00', '2015-02-28 20:30:49', '2015-02-28 20:30:49'),
(293, 3, 5, 14, '18.00', '2015-02-28 20:30:52', '2015-02-28 20:30:52'),
(294, 4, 5, 14, '19.00', '2015-02-28 20:30:55', '2015-02-28 20:30:55'),
(295, 5, 5, 14, '9.00', '2015-02-28 20:30:57', '2015-02-28 20:30:57'),
(296, 1, 1, 15, '19.00', '2015-02-28 20:32:20', '2015-02-28 20:32:20'),
(297, 1, 2, 15, '22.00', '2015-02-28 20:32:24', '2015-02-28 20:32:24'),
(298, 5, 1, 15, '7.50', '2015-02-28 20:32:24', '2015-02-28 20:32:24'),
(299, 1, 5, 15, '17.00', '2015-02-28 20:32:36', '2015-02-28 20:32:36'),
(300, 2, 5, 15, '17.00', '2015-02-28 20:32:39', '2015-02-28 20:32:39'),
(301, 3, 5, 15, '12.00', '2015-02-28 20:32:41', '2015-02-28 20:32:41'),
(302, 4, 5, 15, '10.00', '2015-02-28 20:32:45', '2015-02-28 20:32:45'),
(303, 5, 5, 15, '8.00', '2015-02-28 20:32:48', '2015-02-28 20:32:48'),
(304, 1, 1, 16, '24.50', '2015-02-28 20:34:54', '2015-02-28 20:34:54'),
(305, 1, 5, 16, '23.00', '2015-02-28 20:34:58', '2015-02-28 20:34:58'),
(306, 5, 1, 16, '9.80', '2015-02-28 20:35:00', '2015-02-28 20:35:00'),
(307, 2, 5, 16, '23.00', '2015-02-28 20:35:01', '2015-02-28 20:35:01'),
(308, 3, 5, 16, '15.00', '2015-02-28 20:35:04', '2015-02-28 20:35:04'),
(309, 4, 5, 16, '15.00', '2015-02-28 20:35:09', '2015-02-28 20:35:09'),
(310, 5, 5, 16, '9.00', '2015-02-28 20:35:19', '2015-02-28 20:35:19'),
(311, 1, 1, 17, '23.00', '2015-02-28 20:36:16', '2015-02-28 20:36:16'),
(312, 1, 2, 16, '25.00', '2015-02-28 20:36:18', '2015-02-28 20:36:18'),
(313, 5, 1, 17, '8.00', '2015-02-28 20:36:20', '2015-02-28 20:36:20'),
(314, 1, 5, 17, '22.00', '2015-02-28 20:36:25', '2015-02-28 20:36:25'),
(315, 2, 5, 17, '22.00', '2015-02-28 20:36:27', '2015-02-28 20:36:27'),
(316, 3, 5, 17, '15.00', '2015-02-28 20:36:31', '2015-02-28 20:36:31'),
(317, 4, 5, 17, '10.00', '2015-02-28 20:36:37', '2015-02-28 20:36:37'),
(318, 5, 5, 17, '8.00', '2015-02-28 20:36:41', '2015-02-28 20:36:41'),
(319, 1, 2, 17, '24.00', '2015-02-28 20:37:47', '2015-02-28 20:37:47'),
(320, 1, 1, 18, '23.50', '2015-02-28 20:37:56', '2015-02-28 20:37:56'),
(321, 5, 1, 18, '8.50', '2015-02-28 20:37:59', '2015-02-28 20:37:59'),
(322, 1, 5, 18, '23.00', '2015-02-28 20:38:49', '2015-02-28 20:38:49'),
(323, 2, 5, 18, '23.00', '2015-02-28 20:38:51', '2015-02-28 20:38:51'),
(324, 3, 5, 18, '18.00', '2015-02-28 20:38:55', '2015-02-28 20:38:55'),
(325, 4, 5, 18, '18.00', '2015-02-28 20:38:57', '2015-02-28 20:38:57'),
(326, 5, 5, 18, '9.00', '2015-02-28 20:38:59', '2015-02-28 20:38:59'),
(327, 1, 5, 19, '18.00', '2015-02-28 20:40:03', '2015-02-28 20:40:03'),
(328, 2, 5, 19, '18.00', '2015-02-28 20:40:05', '2015-02-28 20:40:05'),
(329, 1, 2, 18, '22.00', '2015-02-28 20:40:06', '2015-02-28 20:40:06'),
(330, 3, 5, 19, '14.00', '2015-02-28 20:40:08', '2015-02-28 20:40:08'),
(331, 4, 5, 19, '12.00', '2015-02-28 20:40:11', '2015-02-28 20:40:11'),
(332, 5, 5, 19, '7.00', '2015-02-28 20:40:12', '2015-02-28 20:40:12'),
(333, 1, 1, 19, '21.00', '2015-02-28 20:40:57', '2015-02-28 20:40:57'),
(334, 5, 1, 19, '7.00', '2015-02-28 20:40:58', '2015-02-28 20:40:58'),
(335, 1, 5, 20, '20.00', '2015-02-28 20:43:05', '2015-02-28 20:43:05'),
(336, 2, 5, 20, '20.00', '2015-02-28 20:43:07', '2015-02-28 20:43:07'),
(337, 3, 5, 20, '15.00', '2015-02-28 20:43:10', '2015-02-28 20:43:10'),
(338, 4, 5, 20, '16.00', '2015-02-28 20:43:15', '2015-02-28 20:43:15'),
(339, 5, 5, 20, '8.00', '2015-02-28 20:43:18', '2015-02-28 20:43:18'),
(340, 1, 2, 19, '22.00', '2015-02-28 20:43:46', '2015-02-28 20:43:46'),
(341, 1, 1, 20, '20.00', '2015-02-28 20:44:00', '2015-02-28 20:44:00'),
(342, 5, 1, 20, '7.00', '2015-02-28 20:44:03', '2015-02-28 20:44:03'),
(343, 1, 2, 20, '23.00', '2015-02-28 20:45:12', '2015-02-28 20:45:12'),
(344, 1, 1, 21, '21.00', '2015-02-28 20:46:09', '2015-02-28 20:46:09'),
(345, 1, 2, 21, '24.00', '2015-02-28 20:46:10', '2015-02-28 20:46:10'),
(346, 5, 1, 21, '8.00', '2015-02-28 20:46:12', '2015-02-28 20:46:12'),
(347, 1, 5, 21, '18.00', '2015-02-28 20:46:14', '2015-02-28 20:46:14'),
(348, 2, 5, 21, '18.00', '2015-02-28 20:46:18', '2015-02-28 20:46:18'),
(349, 3, 5, 21, '12.00', '2015-02-28 20:46:20', '2015-02-28 20:46:20'),
(350, 4, 5, 21, '12.00', '2015-02-28 20:46:23', '2015-02-28 20:46:23'),
(351, 5, 5, 21, '7.00', '2015-02-28 20:46:25', '2015-02-28 20:46:25'),
(352, 1, 1, 22, '18.00', '2015-02-28 20:48:12', '2015-02-28 20:48:12'),
(353, 1, 5, 22, '19.00', '2015-02-28 20:48:14', '2015-02-28 20:48:14'),
(354, 5, 1, 22, '7.50', '2015-02-28 20:48:15', '2015-02-28 20:48:15'),
(355, 2, 5, 22, '19.00', '2015-02-28 20:48:17', '2015-02-28 20:48:17'),
(356, 3, 5, 22, '12.00', '2015-02-28 20:48:19', '2015-02-28 20:48:19'),
(357, 4, 5, 22, '12.00', '2015-02-28 20:48:22', '2015-02-28 20:48:22'),
(358, 1, 2, 22, '24.00', '2015-02-28 20:48:23', '2015-02-28 20:48:23'),
(359, 5, 5, 22, '8.00', '2015-02-28 20:48:23', '2015-02-28 20:48:23'),
(360, 1, 2, 23, '22.00', '2015-02-28 20:50:07', '2015-02-28 20:50:07'),
(361, 1, 5, 23, '22.00', '2015-02-28 20:50:08', '2015-02-28 20:50:08'),
(362, 1, 1, 23, '19.00', '2015-02-28 20:50:09', '2015-02-28 20:50:09'),
(363, 2, 5, 23, '22.00', '2015-02-28 20:50:09', '2015-02-28 20:50:09'),
(364, 5, 1, 23, '7.00', '2015-02-28 20:50:11', '2015-02-28 20:50:11'),
(365, 3, 5, 23, '16.00', '2015-02-28 20:50:13', '2015-02-28 20:50:13'),
(366, 4, 5, 23, '15.00', '2015-02-28 20:50:16', '2015-02-28 20:50:16'),
(367, 5, 5, 23, '9.00', '2015-02-28 20:50:18', '2015-02-28 20:50:18'),
(368, 1, 1, 24, '19.00', '2015-02-28 20:51:33', '2015-02-28 20:51:33'),
(369, 1, 2, 24, '24.00', '2015-02-28 20:51:34', '2015-02-28 20:51:34'),
(370, 5, 1, 24, '7.50', '2015-02-28 20:51:38', '2015-02-28 20:51:38'),
(371, 1, 5, 24, '19.00', '2015-02-28 20:51:43', '2015-02-28 20:51:43'),
(372, 2, 5, 24, '19.00', '2015-02-28 20:51:45', '2015-02-28 20:51:45'),
(373, 3, 5, 24, '13.00', '2015-02-28 20:51:48', '2015-02-28 20:51:48'),
(374, 4, 5, 24, '10.00', '2015-02-28 20:51:55', '2015-02-28 20:51:55'),
(375, 5, 5, 24, '8.00', '2015-02-28 20:51:56', '2015-02-28 20:51:56'),
(376, 1, 1, 25, '21.00', '2015-02-28 20:53:34', '2015-02-28 20:53:34'),
(377, 1, 5, 25, '22.00', '2015-02-28 20:53:34', '2015-02-28 20:53:34'),
(378, 2, 5, 25, '22.00', '2015-02-28 20:53:36', '2015-02-28 20:53:36'),
(379, 5, 1, 25, '7.50', '2015-02-28 20:53:37', '2015-02-28 20:53:37'),
(380, 3, 5, 25, '15.00', '2015-02-28 20:53:39', '2015-02-28 20:53:39'),
(381, 4, 5, 25, '18.00', '2015-02-28 20:53:46', '2015-02-28 20:53:46'),
(382, 5, 5, 25, '9.00', '2015-02-28 20:53:48', '2015-02-28 20:53:48'),
(383, 1, 5, 26, '22.00', '2015-02-28 20:55:53', '2015-02-28 20:55:53'),
(384, 1, 1, 26, '20.00', '2015-02-28 20:55:54', '2015-02-28 20:55:54'),
(385, 1, 2, 25, '24.00', '2015-02-28 20:55:55', '2015-02-28 20:55:55'),
(386, 2, 5, 26, '22.00', '2015-02-28 20:55:56', '2015-02-28 20:55:56'),
(387, 3, 5, 26, '15.00', '2015-02-28 20:55:58', '2015-02-28 20:55:58'),
(388, 5, 1, 26, '8.50', '2015-02-28 20:55:59', '2015-02-28 20:55:59'),
(389, 4, 5, 26, '10.00', '2015-02-28 20:56:01', '2015-02-28 20:56:01'),
(390, 5, 5, 26, '8.00', '2015-02-28 20:56:03', '2015-02-28 20:56:03'),
(391, 1, 2, 26, '23.00', '2015-02-28 20:57:51', '2015-02-28 20:57:51'),
(392, 1, 1, 27, '23.00', '2015-02-28 20:57:54', '2015-02-28 20:57:54'),
(393, 1, 2, 27, '24.00', '2015-02-28 20:57:56', '2015-02-28 20:57:56'),
(394, 5, 1, 27, '8.70', '2015-02-28 20:57:56', '2015-02-28 20:57:56'),
(395, 1, 5, 27, '22.00', '2015-02-28 20:58:02', '2015-02-28 20:58:02'),
(396, 2, 5, 27, '22.00', '2015-02-28 20:58:04', '2015-02-28 20:58:04'),
(397, 3, 5, 27, '16.00', '2015-02-28 20:58:07', '2015-02-28 20:58:07'),
(398, 4, 5, 27, '17.00', '2015-02-28 20:58:10', '2015-02-28 20:58:10'),
(399, 5, 5, 27, '9.00', '2015-02-28 20:58:12', '2015-02-28 20:58:12'),
(400, 5, 1, 4, '7.00', '2015-02-28 20:58:52', '2015-02-28 20:58:52'),
(401, 5, 1, 3, '7.30', '2015-02-28 20:59:01', '2015-02-28 20:59:01'),
(402, 5, 1, 2, '8.00', '2015-02-28 20:59:06', '2015-02-28 20:59:06'),
(403, 1, 5, 28, '18.00', '2015-02-28 21:00:37', '2015-02-28 21:00:37'),
(404, 2, 5, 28, '18.00', '2015-02-28 21:00:40', '2015-02-28 21:00:40'),
(405, 3, 5, 28, '14.00', '2015-02-28 21:00:43', '2015-02-28 21:00:43'),
(406, 4, 5, 28, '18.00', '2015-02-28 21:00:47', '2015-02-28 21:00:47'),
(407, 5, 5, 28, '8.00', '2015-02-28 21:00:49', '2015-02-28 21:00:49'),
(408, 1, 1, 28, '21.00', '2015-02-28 21:01:07', '2015-02-28 21:01:07'),
(409, 5, 1, 28, '8.40', '2015-02-28 21:01:11', '2015-02-28 21:01:11'),
(410, 1, 5, 29, '17.00', '2015-02-28 21:03:30', '2015-02-28 21:03:30'),
(411, 2, 5, 29, '17.00', '2015-02-28 21:03:33', '2015-02-28 21:03:33'),
(412, 3, 5, 29, '14.00', '2015-02-28 21:03:37', '2015-02-28 21:03:37'),
(413, 1, 2, 28, '23.00', '2015-02-28 21:03:38', '2015-02-28 21:03:38'),
(414, 4, 5, 29, '12.00', '2015-02-28 21:03:39', '2015-02-28 21:03:39'),
(415, 5, 5, 29, '8.00', '2015-02-28 21:03:42', '2015-02-28 21:03:42'),
(416, 1, 1, 29, '19.00', '2015-02-28 21:03:46', '2015-02-28 21:03:46'),
(417, 5, 1, 29, '7.00', '2015-02-28 21:03:48', '2015-02-28 21:03:48'),
(418, 1, 2, 29, '21.00', '2015-02-28 21:04:57', '2015-02-28 21:04:57'),
(419, 1, 1, 30, '20.00', '2015-02-28 21:05:01', '2015-02-28 21:05:01'),
(420, 5, 1, 30, '7.00', '2015-02-28 21:05:09', '2015-02-28 21:05:09'),
(421, 1, 5, 30, '19.00', '2015-02-28 21:05:16', '2015-02-28 21:05:16'),
(422, 2, 5, 30, '19.00', '2015-02-28 21:05:18', '2015-02-28 21:05:18'),
(423, 3, 5, 30, '15.00', '2015-02-28 21:05:29', '2015-02-28 21:05:29'),
(424, 4, 5, 30, '17.00', '2015-02-28 21:05:35', '2015-02-28 21:05:35'),
(425, 5, 5, 30, '8.00', '2015-02-28 21:05:46', '2015-02-28 21:05:46'),
(426, 1, 4, 1, '21.00', '2015-02-28 21:14:33', '2015-02-28 21:14:33'),
(427, 2, 4, 1, '22.00', '2015-02-28 21:14:35', '2015-02-28 21:14:35'),
(428, 4, 4, 1, '17.00', '2015-02-28 21:14:41', '2015-02-28 21:14:41'),
(429, 5, 4, 1, '7.00', '2015-02-28 21:14:42', '2015-02-28 21:14:42'),
(430, 1, 4, 2, '22.00', '2015-02-28 21:14:45', '2015-02-28 21:14:45'),
(431, 2, 4, 2, '21.00', '2015-02-28 21:14:47', '2015-02-28 21:14:47'),
(432, 4, 4, 2, '17.00', '2015-02-28 21:14:55', '2015-02-28 21:14:55'),
(433, 5, 4, 2, '7.00', '2015-02-28 21:14:59', '2015-02-28 21:14:59'),
(434, 1, 4, 3, '22.00', '2015-02-28 21:15:03', '2015-02-28 21:15:03'),
(435, 2, 4, 3, '22.00', '2015-02-28 21:15:06', '2015-02-28 21:15:06'),
(436, 4, 4, 3, '18.00', '2015-02-28 21:15:13', '2015-02-28 21:15:13'),
(437, 5, 4, 3, '7.00', '2015-02-28 21:15:22', '2015-02-28 21:15:22'),
(438, 1, 4, 4, '19.00', '2015-02-28 21:15:25', '2015-02-28 21:15:25'),
(439, 2, 4, 4, '19.00', '2015-02-28 21:15:29', '2015-02-28 21:15:29'),
(440, 4, 4, 4, '15.00', '2015-02-28 21:15:52', '2015-02-28 21:15:52'),
(441, 5, 4, 4, '6.00', '2015-02-28 21:16:07', '2015-02-28 21:16:07'),
(442, 1, 4, 5, '21.00', '2015-02-28 21:16:38', '2015-02-28 21:16:38'),
(443, 2, 4, 5, '19.00', '2015-02-28 21:16:49', '2015-02-28 21:16:49'),
(444, 4, 4, 5, '15.00', '2015-02-28 21:16:56', '2015-02-28 21:16:56'),
(445, 5, 4, 5, '6.00', '2015-02-28 21:17:16', '2015-02-28 21:17:16'),
(446, 1, 2, 30, '24.00', '2015-02-28 21:17:17', '2015-02-28 21:17:17'),
(447, 2, 2, 1, '20.00', '2015-02-28 21:18:07', '2015-02-28 21:18:07'),
(448, 1, 4, 6, '19.00', '2015-02-28 21:18:13', '2015-02-28 21:18:13'),
(449, 5, 2, 1, '8.00', '2015-02-28 21:18:16', '2015-02-28 21:18:16'),
(450, 2, 4, 6, '19.00', '2015-02-28 21:18:16', '2015-02-28 21:18:16'),
(451, 4, 4, 6, '16.00', '2015-02-28 21:18:19', '2015-02-28 21:18:19'),
(452, 2, 2, 2, '21.00', '2015-02-28 21:18:20', '2015-02-28 21:18:20'),
(453, 5, 4, 6, '8.00', '2015-02-28 21:18:22', '2015-02-28 21:18:22'),
(454, 5, 2, 2, '8.00', '2015-02-28 21:18:25', '2015-02-28 21:18:25'),
(455, 2, 2, 3, '22.00', '2015-02-28 21:18:28', '2015-02-28 21:18:28'),
(456, 1, 4, 7, '23.00', '2015-02-28 21:18:31', '2015-02-28 21:18:31'),
(457, 2, 4, 7, '21.00', '2015-02-28 21:18:33', '2015-02-28 21:18:33'),
(458, 5, 2, 3, '8.00', '2015-02-28 21:18:35', '2015-02-28 21:18:35'),
(459, 2, 2, 4, '23.00', '2015-02-28 21:18:39', '2015-02-28 21:18:39'),
(460, 5, 2, 4, '9.00', '2015-02-28 21:18:44', '2015-02-28 21:18:44'),
(461, 2, 2, 5, '22.00', '2015-02-28 21:18:48', '2015-02-28 21:18:48'),
(462, 4, 4, 7, '16.00', '2015-02-28 21:18:48', '2015-02-28 21:18:48'),
(463, 5, 2, 5, '8.00', '2015-02-28 21:18:54', '2015-02-28 21:18:54'),
(464, 5, 4, 7, '7.00', '2015-02-28 21:18:55', '2015-02-28 21:18:55'),
(465, 2, 2, 6, '22.00', '2015-02-28 21:18:58', '2015-02-28 21:18:58'),
(466, 1, 4, 8, '22.00', '2015-02-28 21:18:59', '2015-02-28 21:18:59'),
(467, 2, 4, 8, '23.00', '2015-02-28 21:19:01', '2015-02-28 21:19:01'),
(468, 5, 2, 6, '8.00', '2015-02-28 21:19:02', '2015-02-28 21:19:02'),
(469, 4, 4, 8, '18.00', '2015-02-28 21:19:05', '2015-02-28 21:19:05'),
(470, 2, 2, 7, '23.00', '2015-02-28 21:19:06', '2015-02-28 21:19:06'),
(471, 5, 2, 7, '8.00', '2015-02-28 21:19:10', '2015-02-28 21:19:10'),
(472, 5, 4, 8, '8.00', '2015-02-28 21:19:12', '2015-02-28 21:19:12'),
(473, 2, 2, 8, '22.00', '2015-02-28 21:19:13', '2015-02-28 21:19:13'),
(474, 5, 2, 8, '8.00', '2015-02-28 21:19:18', '2015-02-28 21:19:18'),
(475, 2, 2, 9, '23.00', '2015-02-28 21:19:20', '2015-02-28 21:19:20'),
(476, 1, 4, 9, '24.00', '2015-02-28 21:19:21', '2015-02-28 21:19:21'),
(477, 2, 4, 9, '22.00', '2015-02-28 21:19:24', '2015-02-28 21:19:24'),
(478, 5, 2, 9, '9.00', '2015-02-28 21:19:25', '2015-02-28 21:19:25'),
(479, 4, 4, 9, '17.00', '2015-02-28 21:19:27', '2015-02-28 21:19:27'),
(480, 2, 2, 10, '22.00', '2015-02-28 21:19:28', '2015-02-28 21:19:28'),
(481, 5, 4, 9, '7.00', '2015-02-28 21:19:30', '2015-02-28 21:19:30'),
(482, 5, 2, 10, '8.00', '2015-02-28 21:19:33', '2015-02-28 21:19:33'),
(483, 1, 4, 10, '24.00', '2015-02-28 21:19:34', '2015-02-28 21:19:34'),
(484, 2, 4, 10, '21.00', '2015-02-28 21:19:39', '2015-02-28 21:19:39'),
(485, 2, 2, 11, '23.00', '2015-02-28 21:19:42', '2015-02-28 21:19:42'),
(486, 4, 4, 10, '15.00', '2015-02-28 21:19:42', '2015-02-28 21:19:42'),
(487, 5, 2, 11, '8.00', '2015-02-28 21:19:48', '2015-02-28 21:19:48'),
(488, 5, 4, 10, '6.00', '2015-02-28 21:19:50', '2015-02-28 21:19:50'),
(489, 2, 2, 12, '23.00', '2015-02-28 21:19:51', '2015-02-28 21:19:51'),
(490, 5, 2, 12, '8.00', '2015-02-28 21:19:56', '2015-02-28 21:19:56'),
(491, 2, 2, 13, '23.00', '2015-02-28 21:20:00', '2015-02-28 21:20:00'),
(492, 1, 4, 11, '23.00', '2015-02-28 21:20:00', '2015-02-28 21:20:00'),
(493, 2, 4, 11, '21.00', '2015-02-28 21:20:03', '2015-02-28 21:20:03'),
(494, 5, 2, 13, '9.00', '2015-02-28 21:20:06', '2015-02-28 21:20:06'),
(495, 4, 4, 11, '15.00', '2015-02-28 21:20:06', '2015-02-28 21:20:06'),
(496, 2, 2, 14, '24.00', '2015-02-28 21:20:09', '2015-02-28 21:20:09'),
(497, 5, 4, 11, '6.00', '2015-02-28 21:20:09', '2015-02-28 21:20:09'),
(498, 1, 4, 12, '24.00', '2015-02-28 21:20:14', '2015-02-28 21:20:14'),
(499, 5, 2, 14, '9.00', '2015-02-28 21:20:14', '2015-02-28 21:20:14'),
(500, 2, 2, 15, '23.00', '2015-02-28 21:20:18', '2015-02-28 21:20:18'),
(501, 5, 2, 15, '8.00', '2015-02-28 21:20:22', '2015-02-28 21:20:22'),
(502, 2, 4, 12, '21.00', '2015-02-28 21:20:24', '2015-02-28 21:20:24'),
(503, 2, 2, 16, '25.00', '2015-02-28 21:20:25', '2015-02-28 21:20:25'),
(504, 4, 4, 12, '15.00', '2015-02-28 21:20:26', '2015-02-28 21:20:26'),
(505, 5, 2, 16, '10.00', '2015-02-28 21:20:31', '2015-02-28 21:20:31'),
(506, 5, 4, 12, '6.00', '2015-02-28 21:20:31', '2015-02-28 21:20:31'),
(507, 2, 2, 17, '23.00', '2015-02-28 21:20:34', '2015-02-28 21:20:34'),
(508, 5, 2, 17, '8.00', '2015-02-28 21:20:39', '2015-02-28 21:20:39'),
(509, 2, 2, 18, '22.00', '2015-02-28 21:20:43', '2015-02-28 21:20:43'),
(510, 5, 2, 18, '8.00', '2015-02-28 21:20:48', '2015-02-28 21:20:48'),
(511, 1, 4, 13, '24.00', '2015-02-28 21:20:49', '2015-02-28 21:20:49'),
(512, 2, 4, 13, '23.00', '2015-02-28 21:20:51', '2015-02-28 21:20:51'),
(513, 2, 2, 19, '24.00', '2015-02-28 21:20:52', '2015-02-28 21:20:52'),
(514, 5, 2, 19, '9.00', '2015-02-28 21:20:56', '2015-02-28 21:20:56'),
(515, 2, 2, 20, '24.00', '2015-02-28 21:20:59', '2015-02-28 21:20:59'),
(516, 4, 4, 13, '18.00', '2015-02-28 21:21:00', '2015-02-28 21:21:00'),
(517, 5, 4, 13, '8.00', '2015-02-28 21:21:02', '2015-02-28 21:21:02'),
(518, 5, 2, 20, '9.00', '2015-02-28 21:21:03', '2015-02-28 21:21:03'),
(519, 2, 2, 21, '22.00', '2015-02-28 21:21:06', '2015-02-28 21:21:06'),
(520, 5, 2, 21, '8.00', '2015-02-28 21:21:10', '2015-02-28 21:21:10'),
(521, 1, 4, 14, '24.00', '2015-02-28 21:21:10', '2015-02-28 21:21:10'),
(522, 2, 4, 14, '24.00', '2015-02-28 21:21:13', '2015-02-28 21:21:13'),
(523, 2, 2, 22, '23.00', '2015-02-28 21:21:16', '2015-02-28 21:21:16'),
(524, 5, 2, 22, '8.00', '2015-02-28 21:21:20', '2015-02-28 21:21:20'),
(525, 4, 4, 14, '19.90', '2015-02-28 21:21:23', '2015-02-28 21:21:23'),
(526, 2, 2, 23, '24.00', '2015-02-28 21:21:24', '2015-02-28 21:21:24'),
(527, 5, 4, 14, '9.00', '2015-02-28 21:21:26', '2015-02-28 21:21:26'),
(528, 5, 2, 23, '8.00', '2015-02-28 21:21:27', '2015-02-28 21:21:27'),
(529, 2, 2, 24, '23.00', '2015-02-28 21:21:31', '2015-02-28 21:21:31'),
(530, 5, 2, 24, '8.00', '2015-02-28 21:21:34', '2015-02-28 21:21:34'),
(531, 2, 2, 25, '24.00', '2015-02-28 21:21:39', '2015-02-28 21:21:39'),
(532, 5, 2, 25, '9.00', '2015-02-28 21:21:44', '2015-02-28 21:21:44'),
(533, 1, 4, 15, '19.00', '2015-02-28 21:21:45', '2015-02-28 21:21:45'),
(534, 2, 2, 26, '22.00', '2015-02-28 21:21:48', '2015-02-28 21:21:48'),
(535, 2, 4, 15, '20.00', '2015-02-28 21:21:49', '2015-02-28 21:21:49'),
(536, 4, 4, 15, '18.00', '2015-02-28 21:21:51', '2015-02-28 21:21:51'),
(537, 5, 2, 26, '8.00', '2015-02-28 21:21:54', '2015-02-28 21:21:54'),
(538, 5, 4, 15, '7.00', '2015-02-28 21:21:55', '2015-02-28 21:21:55'),
(539, 2, 2, 27, '22.00', '2015-02-28 21:21:56', '2015-02-28 21:21:56'),
(540, 1, 4, 16, '19.00', '2015-02-28 21:21:59', '2015-02-28 21:21:59'),
(541, 5, 2, 27, '8.00', '2015-02-28 21:22:00', '2015-02-28 21:22:00'),
(542, 2, 4, 16, '22.00', '2015-02-28 21:22:02', '2015-02-28 21:22:02'),
(543, 2, 2, 28, '24.00', '2015-02-28 21:22:04', '2015-02-28 21:22:04'),
(544, 5, 2, 28, '9.00', '2015-02-28 21:22:10', '2015-02-28 21:22:10'),
(545, 2, 2, 29, '22.00', '2015-02-28 21:22:12', '2015-02-28 21:22:12'),
(546, 4, 4, 16, '19.00', '2015-02-28 21:22:16', '2015-02-28 21:22:16'),
(547, 5, 2, 29, '8.00', '2015-02-28 21:22:18', '2015-02-28 21:22:18'),
(548, 5, 4, 16, '9.00', '2015-02-28 21:22:20', '2015-02-28 21:22:20'),
(549, 2, 2, 30, '23.00', '2015-02-28 21:22:22', '2015-02-28 21:22:22'),
(550, 1, 4, 17, '24.00', '2015-02-28 21:22:33', '2015-02-28 21:22:33'),
(551, 2, 4, 17, '23.00', '2015-02-28 21:22:39', '2015-02-28 21:22:39'),
(552, 4, 4, 17, '16.00', '2015-02-28 21:22:43', '2015-02-28 21:22:43'),
(553, 5, 4, 17, '8.00', '2015-02-28 21:22:51', '2015-02-28 21:22:51'),
(554, 1, 4, 18, '24.00', '2015-02-28 21:22:54', '2015-02-28 21:22:54'),
(555, 5, 2, 30, '9.00', '2015-02-28 21:22:57', '2015-02-28 21:22:57'),
(556, 2, 4, 18, '23.00', '2015-02-28 21:22:57', '2015-02-28 21:22:57'),
(557, 4, 4, 18, '19.00', '2015-02-28 21:23:01', '2015-02-28 21:23:01'),
(558, 5, 4, 18, '8.00', '2015-02-28 21:23:05', '2015-02-28 21:23:05'),
(559, 1, 4, 19, '21.00', '2015-02-28 21:23:14', '2015-02-28 21:23:14'),
(560, 2, 4, 19, '20.00', '2015-02-28 21:23:17', '2015-02-28 21:23:17'),
(561, 4, 4, 19, '17.00', '2015-02-28 21:23:20', '2015-02-28 21:23:20'),
(562, 5, 4, 19, '7.00', '2015-02-28 21:23:24', '2015-02-28 21:23:24'),
(563, 1, 4, 20, '23.00', '2015-02-28 21:23:30', '2015-02-28 21:23:30'),
(564, 2, 4, 20, '23.00', '2015-02-28 21:23:32', '2015-02-28 21:23:32'),
(565, 4, 4, 20, '19.00', '2015-02-28 21:23:35', '2015-02-28 21:23:35'),
(566, 5, 4, 20, '8.00', '2015-02-28 21:23:37', '2015-02-28 21:23:37'),
(567, 1, 4, 21, '23.00', '2015-02-28 21:23:41', '2015-02-28 21:23:41'),
(568, 2, 4, 21, '21.00', '2015-02-28 21:23:42', '2015-02-28 21:23:42'),
(569, 4, 4, 21, '15.00', '2015-02-28 21:23:50', '2015-02-28 21:23:50'),
(570, 5, 4, 21, '6.00', '2015-02-28 21:23:52', '2015-02-28 21:23:52'),
(571, 1, 4, 22, '21.00', '2015-02-28 21:24:07', '2015-02-28 21:24:07'),
(572, 2, 4, 22, '20.00', '2015-02-28 21:24:09', '2015-02-28 21:24:09'),
(573, 4, 4, 22, '16.00', '2015-02-28 21:24:13', '2015-02-28 21:24:13'),
(574, 5, 4, 22, '5.00', '2015-02-28 21:24:17', '2015-02-28 21:24:17'),
(575, 1, 4, 23, '20.00', '2015-02-28 21:24:24', '2015-02-28 21:24:24'),
(576, 2, 4, 23, '19.00', '2015-02-28 21:24:26', '2015-02-28 21:24:26'),
(577, 4, 4, 23, '17.00', '2015-02-28 21:24:28', '2015-02-28 21:24:28'),
(578, 5, 4, 23, '6.00', '2015-02-28 21:24:32', '2015-02-28 21:24:32'),
(579, 1, 4, 24, '21.00', '2015-02-28 21:24:36', '2015-02-28 21:24:36'),
(580, 2, 4, 24, '20.00', '2015-02-28 21:24:38', '2015-02-28 21:24:38'),
(581, 5, 4, 24, '6.00', '2015-02-28 21:24:42', '2015-02-28 21:24:42'),
(582, 1, 4, 25, '23.00', '2015-02-28 21:24:48', '2015-02-28 21:24:48'),
(583, 2, 4, 25, '22.00', '2015-02-28 21:24:50', '2015-02-28 21:24:50'),
(584, 5, 4, 25, '6.00', '2015-02-28 21:24:55', '2015-02-28 21:24:55'),
(585, 1, 4, 26, '24.00', '2015-02-28 21:25:05', '2015-02-28 21:25:05'),
(586, 2, 4, 26, '22.00', '2015-02-28 21:25:07', '2015-02-28 21:25:07'),
(587, 4, 4, 26, '17.00', '2015-02-28 21:25:14', '2015-02-28 21:25:14'),
(588, 5, 4, 26, '7.00', '2015-02-28 21:25:16', '2015-02-28 21:25:16'),
(589, 1, 4, 27, '24.00', '2015-02-28 21:25:22', '2015-02-28 21:25:22'),
(590, 2, 4, 27, '23.00', '2015-02-28 21:25:26', '2015-02-28 21:25:26'),
(591, 5, 4, 27, '7.00', '2015-02-28 21:25:30', '2015-02-28 21:25:30'),
(592, 1, 4, 28, '20.00', '2015-02-28 21:25:36', '2015-02-28 21:25:36'),
(593, 2, 4, 28, '20.00', '2015-02-28 21:25:40', '2015-02-28 21:25:40'),
(594, 5, 4, 28, '6.00', '2015-02-28 21:25:43', '2015-02-28 21:25:43'),
(595, 1, 4, 29, '21.00', '2015-02-28 21:25:46', '2015-02-28 21:25:46'),
(596, 2, 4, 29, '20.00', '2015-02-28 21:25:50', '2015-02-28 21:25:50'),
(597, 5, 4, 29, '8.00', '2015-02-28 21:25:52', '2015-02-28 21:25:52'),
(598, 1, 4, 30, '22.00', '2015-02-28 21:25:57', '2015-02-28 21:25:57'),
(599, 2, 4, 30, '23.00', '2015-02-28 21:26:00', '2015-02-28 21:26:00'),
(600, 5, 4, 30, '8.00', '2015-02-28 21:26:03', '2015-02-28 21:26:03'),
(601, 1, 3, 1, '21.00', '2015-02-28 21:33:02', '2015-02-28 21:33:02'),
(602, 2, 3, 1, '22.00', '2015-02-28 21:33:04', '2015-02-28 21:33:04'),
(603, 3, 3, 1, '17.00', '2015-02-28 21:33:06', '2015-02-28 21:33:06'),
(604, 4, 3, 1, '17.00', '2015-02-28 21:33:11', '2015-02-28 21:33:11'),
(605, 5, 3, 1, '8.00', '2015-02-28 21:33:34', '2015-02-28 21:33:34'),
(606, 1, 3, 2, '18.00', '2015-02-28 21:33:41', '2015-02-28 21:33:41'),
(607, 2, 3, 2, '19.00', '2015-02-28 21:33:44', '2015-02-28 21:33:44'),
(608, 3, 3, 2, '15.00', '2015-02-28 21:33:45', '2015-02-28 21:33:45'),
(609, 4, 3, 2, '14.00', '2015-02-28 21:33:46', '2015-02-28 21:33:46'),
(610, 5, 3, 2, '8.00', '2015-02-28 21:33:48', '2015-02-28 21:33:48'),
(611, 1, 3, 3, '19.00', '2015-02-28 21:33:54', '2015-02-28 21:33:54'),
(612, 2, 3, 3, '19.50', '2015-02-28 21:33:59', '2015-02-28 21:33:59'),
(613, 3, 3, 3, '16.00', '2015-02-28 21:34:00', '2015-02-28 21:34:00'),
(614, 4, 3, 3, '14.50', '2015-02-28 21:34:04', '2015-02-28 21:34:04'),
(615, 5, 3, 3, '8.00', '2015-02-28 21:34:05', '2015-02-28 21:34:05'),
(616, 1, 3, 4, '19.00', '2015-02-28 21:34:07', '2015-02-28 21:34:07'),
(617, 2, 3, 4, '18.00', '2015-02-28 21:34:09', '2015-02-28 21:34:09'),
(618, 3, 3, 4, '12.00', '2015-02-28 21:34:10', '2015-02-28 21:34:10'),
(619, 4, 3, 4, '13.00', '2015-02-28 21:34:12', '2015-02-28 21:34:12'),
(620, 5, 3, 4, '8.00', '2015-02-28 21:34:14', '2015-02-28 21:34:14'),
(621, 1, 3, 5, '21.00', '2015-02-28 21:34:16', '2015-02-28 21:34:16'),
(622, 2, 3, 5, '18.50', '2015-02-28 21:34:20', '2015-02-28 21:34:20'),
(623, 3, 3, 5, '16.00', '2015-02-28 21:34:21', '2015-02-28 21:34:21'),
(624, 4, 3, 5, '13.50', '2015-02-28 21:34:33', '2015-02-28 21:34:33'),
(625, 5, 3, 5, '8.00', '2015-02-28 21:34:35', '2015-02-28 21:34:35'),
(626, 1, 3, 6, '20.00', '2015-02-28 21:34:38', '2015-02-28 21:34:38'),
(627, 2, 3, 6, '20.00', '2015-02-28 21:34:40', '2015-02-28 21:34:40'),
(628, 3, 3, 6, '17.00', '2015-02-28 21:34:41', '2015-02-28 21:34:41'),
(629, 4, 3, 6, '15.00', '2015-02-28 21:34:43', '2015-02-28 21:34:43'),
(630, 5, 3, 6, '8.00', '2015-02-28 21:34:44', '2015-02-28 21:34:44'),
(631, 1, 3, 7, '20.00', '2015-02-28 21:34:46', '2015-02-28 21:34:46'),
(632, 2, 3, 7, '20.00', '2015-02-28 21:34:48', '2015-02-28 21:34:48'),
(633, 3, 3, 7, '16.00', '2015-02-28 21:34:49', '2015-02-28 21:34:49'),
(634, 4, 3, 7, '14.80', '2015-02-28 21:34:53', '2015-02-28 21:34:53'),
(635, 1, 3, 8, '18.50', '2015-02-28 21:34:57', '2015-02-28 21:34:57'),
(636, 2, 3, 8, '19.00', '2015-02-28 21:34:58', '2015-02-28 21:34:58'),
(637, 3, 3, 8, '14.00', '2015-02-28 21:35:01', '2015-02-28 21:35:01'),
(638, 4, 3, 8, '14.50', '2015-02-28 21:35:03', '2015-02-28 21:35:03'),
(639, 5, 3, 7, '8.00', '2015-03-02 13:41:36', '2015-03-02 13:41:36'),
(640, 5, 3, 8, '8.00', '2015-03-02 13:43:10', '2015-03-02 13:43:10'),
(641, 1, 3, 9, '23.00', '2015-03-02 13:43:28', '2015-03-02 13:43:28'),
(642, 2, 3, 9, '20.00', '2015-03-02 13:43:31', '2015-03-02 13:43:31'),
(643, 3, 3, 9, '14.50', '2015-03-02 13:43:36', '2015-03-02 13:43:36'),
(644, 4, 3, 9, '14.30', '2015-03-02 13:43:49', '2015-03-02 13:43:49'),
(645, 5, 3, 9, '8.00', '2015-03-02 13:44:01', '2015-03-02 13:44:01'),
(646, 1, 3, 10, '19.00', '2015-03-02 13:44:19', '2015-03-02 13:44:19'),
(647, 2, 3, 10, '20.00', '2015-03-02 13:44:23', '2015-03-02 13:44:23'),
(648, 3, 3, 10, '15.00', '2015-03-02 13:44:27', '2015-03-02 13:44:27'),
(649, 4, 3, 10, '14.00', '2015-03-02 13:44:31', '2015-03-02 13:44:31'),
(650, 5, 3, 10, '8.00', '2015-03-02 13:44:35', '2015-03-02 13:44:35'),
(651, 1, 3, 11, '19.00', '2015-03-02 13:45:09', '2015-03-02 13:45:09'),
(652, 2, 3, 11, '19.00', '2015-03-02 13:45:11', '2015-03-02 13:45:11'),
(653, 3, 3, 11, '14.00', '2015-03-02 13:45:16', '2015-03-02 13:45:16'),
(654, 4, 3, 11, '14.20', '2015-03-02 13:45:20', '2015-03-02 13:45:20'),
(655, 5, 3, 11, '8.00', '2015-03-02 13:45:23', '2015-03-02 13:45:23'),
(656, 1, 3, 12, '19.80', '2015-03-02 13:46:18', '2015-03-02 13:46:18'),
(657, 2, 3, 12, '19.00', '2015-03-02 13:46:21', '2015-03-02 13:46:21'),
(658, 3, 3, 12, '14.50', '2015-03-02 13:46:28', '2015-03-02 13:46:28'),
(659, 4, 3, 12, '13.80', '2015-03-02 13:46:33', '2015-03-02 13:46:33'),
(660, 5, 3, 12, '8.00', '2015-03-02 13:46:39', '2015-03-02 13:46:39'),
(661, 1, 3, 13, '21.00', '2015-03-02 13:46:43', '2015-03-02 13:46:43'),
(662, 2, 3, 13, '20.00', '2015-03-02 13:46:45', '2015-03-02 13:46:45'),
(663, 3, 3, 13, '16.50', '2015-03-02 13:46:53', '2015-03-02 13:46:53'),
(664, 4, 3, 13, '15.80', '2015-03-02 13:46:59', '2015-03-02 13:46:59'),
(665, 5, 3, 13, '8.00', '2015-03-02 13:47:03', '2015-03-02 13:47:03'),
(666, 1, 3, 14, '21.00', '2015-03-02 13:47:08', '2015-03-02 13:47:08'),
(667, 2, 3, 14, '23.00', '2015-03-02 13:47:13', '2015-03-02 13:47:13'),
(668, 3, 3, 14, '17.00', '2015-03-02 13:47:21', '2015-03-02 13:47:21'),
(669, 4, 3, 14, '17.30', '2015-03-02 13:47:25', '2015-03-02 13:47:25'),
(670, 5, 3, 14, '8.00', '2015-03-02 13:47:35', '2015-03-02 13:47:35'),
(671, 1, 3, 15, '20.00', '2015-03-02 13:47:42', '2015-03-02 13:47:42'),
(672, 2, 3, 15, '19.00', '2015-03-02 13:47:51', '2015-03-02 13:47:51'),
(673, 3, 3, 15, '15.50', '2015-03-02 13:47:55', '2015-03-02 13:47:55'),
(674, 4, 3, 15, '15.00', '2015-03-02 13:48:00', '2015-03-02 13:48:00'),
(675, 5, 3, 15, '8.00', '2015-03-02 13:48:03', '2015-03-02 13:48:03'),
(676, 1, 3, 16, '22.00', '2015-03-02 13:48:06', '2015-03-02 13:48:06'),
(677, 2, 3, 16, '22.00', '2015-03-02 13:48:08', '2015-03-02 13:48:08'),
(678, 3, 3, 16, '17.00', '2015-03-02 13:48:11', '2015-03-02 13:48:11'),
(679, 4, 3, 16, '17.50', '2015-03-02 13:48:14', '2015-03-02 13:48:14'),
(680, 5, 3, 16, '8.00', '2015-03-02 13:48:16', '2015-03-02 13:48:16'),
(681, 1, 3, 17, '21.00', '2015-03-02 13:48:26', '2015-03-02 13:48:26'),
(682, 2, 3, 17, '20.00', '2015-03-02 13:48:27', '2015-03-02 13:48:27'),
(683, 3, 3, 17, '16.50', '2015-03-02 13:48:30', '2015-03-02 13:48:30'),
(684, 4, 3, 17, '15.50', '2015-03-02 13:48:37', '2015-03-02 13:48:37'),
(685, 5, 3, 17, '8.00', '2015-03-02 13:48:40', '2015-03-02 13:48:40'),
(686, 1, 3, 18, '21.00', '2015-03-02 13:48:43', '2015-03-02 13:48:43'),
(687, 2, 3, 18, '20.00', '2015-03-02 13:48:45', '2015-03-02 13:48:45'),
(688, 3, 3, 18, '15.00', '2015-03-02 13:48:47', '2015-03-02 13:48:47'),
(689, 4, 3, 18, '16.00', '2015-03-02 13:48:49', '2015-03-02 13:48:49'),
(690, 5, 3, 18, '8.00', '2015-03-02 13:48:51', '2015-03-02 13:48:51'),
(691, 1, 3, 19, '19.00', '2015-03-02 13:49:00', '2015-03-02 13:49:00'),
(692, 2, 3, 19, '20.00', '2015-03-02 13:49:02', '2015-03-02 13:49:02'),
(693, 3, 3, 19, '16.50', '2015-03-02 13:49:07', '2015-03-02 13:49:07'),
(694, 4, 3, 19, '16.00', '2015-03-02 13:49:09', '2015-03-02 13:49:09'),
(695, 5, 3, 19, '8.00', '2015-03-02 13:49:12', '2015-03-02 13:49:12'),
(696, 1, 3, 20, '19.50', '2015-03-02 13:49:15', '2015-03-02 13:49:15'),
(697, 2, 3, 20, '19.00', '2015-03-02 13:49:19', '2015-03-02 13:49:19'),
(698, 3, 3, 20, '16.00', '2015-03-02 13:49:21', '2015-03-02 13:49:21'),
(699, 4, 3, 20, '16.50', '2015-03-02 13:49:24', '2015-03-02 13:49:24'),
(700, 5, 3, 20, '8.00', '2015-03-02 13:49:27', '2015-03-02 13:49:27'),
(701, 1, 3, 21, '19.00', '2015-03-02 13:49:51', '2015-03-02 13:49:51'),
(702, 2, 3, 21, '18.00', '2015-03-02 13:49:53', '2015-03-02 13:49:53'),
(703, 3, 3, 21, '14.50', '2015-03-02 13:49:59', '2015-03-02 13:49:59'),
(704, 4, 3, 21, '15.00', '2015-03-02 13:50:01', '2015-03-02 13:50:01'),
(705, 5, 3, 21, '8.00', '2015-03-02 13:50:07', '2015-03-02 13:50:07'),
(706, 1, 3, 22, '21.00', '2015-03-02 13:50:38', '2015-03-02 13:50:38'),
(707, 2, 3, 22, '20.00', '2015-03-02 13:51:30', '2015-03-02 13:51:30'),
(708, 3, 3, 22, '14.00', '2015-03-02 13:51:33', '2015-03-02 13:51:33'),
(709, 4, 3, 22, '15.50', '2015-03-02 13:51:37', '2015-03-02 13:51:37'),
(710, 5, 3, 22, '8.00', '2015-03-02 13:51:40', '2015-03-02 13:51:40'),
(711, 1, 3, 23, '20.00', '2015-03-02 13:51:43', '2015-03-02 13:51:43'),
(712, 2, 3, 23, '19.50', '2015-03-02 13:51:58', '2015-03-02 13:51:58'),
(713, 3, 3, 23, '15.00', '2015-03-02 13:53:17', '2015-03-02 13:53:17'),
(714, 4, 3, 23, '16.00', '2015-03-02 13:53:22', '2015-03-02 13:53:22'),
(715, 5, 3, 23, '8.00', '2015-03-02 13:53:43', '2015-03-02 13:53:43'),
(716, 1, 3, 24, '19.50', '2015-03-02 13:53:48', '2015-03-02 13:53:48'),
(717, 2, 3, 24, '20.00', '2015-03-02 13:53:50', '2015-03-02 13:53:50'),
(718, 3, 3, 24, '17.00', '2015-03-02 13:53:53', '2015-03-02 13:53:53');
INSERT INTO `criteria_scores` (`id`, `criteria_id`, `segment_judge_id`, `segment_contestant_id`, `score`, `_date_created`, `_date_modified`) VALUES
(719, 4, 3, 24, '16.50', '2015-03-02 13:54:01', '2015-03-02 13:54:01'),
(720, 5, 3, 24, '8.00', '2015-03-02 13:54:03', '2015-03-02 13:54:03'),
(721, 1, 3, 25, '19.00', '2015-03-02 13:54:23', '2015-03-02 13:54:23'),
(722, 2, 3, 25, '20.00', '2015-03-02 13:54:26', '2015-03-02 13:54:26'),
(723, 3, 3, 25, '16.00', '2015-03-02 13:54:28', '2015-03-02 13:54:28'),
(724, 4, 3, 25, '14.50', '2015-03-02 13:54:32', '2015-03-02 13:54:32'),
(725, 5, 3, 25, '8.00', '2015-03-02 13:54:37', '2015-03-02 13:54:37'),
(726, 1, 3, 26, '19.00', '2015-03-02 13:54:46', '2015-03-02 13:54:46'),
(727, 2, 3, 26, '20.00', '2015-03-02 13:54:49', '2015-03-02 13:54:49'),
(728, 3, 3, 26, '16.80', '2015-03-02 13:54:54', '2015-03-02 13:54:54'),
(729, 4, 3, 26, '16.00', '2015-03-02 13:54:58', '2015-03-02 13:54:58'),
(730, 5, 3, 26, '8.00', '2015-03-02 13:54:59', '2015-03-02 13:54:59'),
(731, 1, 3, 27, '21.00', '2015-03-02 13:55:34', '2015-03-02 13:55:34'),
(732, 2, 3, 27, '20.00', '2015-03-02 13:55:38', '2015-03-02 13:55:38'),
(733, 3, 3, 27, '16.00', '2015-03-02 13:55:51', '2015-03-02 13:55:51'),
(734, 4, 3, 27, '16.00', '2015-03-02 13:55:53', '2015-03-02 13:55:53'),
(735, 5, 3, 27, '8.00', '2015-03-02 13:55:55', '2015-03-02 13:55:55'),
(736, 1, 3, 28, '19.00', '2015-03-02 13:55:59', '2015-03-02 13:55:59'),
(737, 2, 3, 28, '20.00', '2015-03-02 13:56:02', '2015-03-02 13:56:02'),
(738, 3, 3, 28, '15.80', '2015-03-02 13:56:05', '2015-03-02 13:56:05'),
(739, 4, 3, 28, '16.80', '2015-03-02 13:56:15', '2015-03-02 13:56:15'),
(740, 5, 3, 28, '8.00', '2015-03-02 13:56:18', '2015-03-02 13:56:18'),
(741, 1, 3, 29, '18.50', '2015-03-02 13:56:24', '2015-03-02 13:56:24'),
(742, 2, 3, 29, '19.00', '2015-03-02 13:56:28', '2015-03-02 13:56:28'),
(743, 3, 3, 29, '15.00', '2015-03-02 13:56:30', '2015-03-02 13:56:30'),
(744, 4, 3, 29, '15.80', '2015-03-02 13:56:34', '2015-03-02 13:56:34'),
(745, 5, 3, 29, '8.00', '2015-03-02 13:56:37', '2015-03-02 13:56:37'),
(746, 1, 3, 30, '19.50', '2015-03-02 13:56:41', '2015-03-02 13:56:41'),
(747, 2, 3, 30, '20.00', '2015-03-02 13:56:43', '2015-03-02 13:56:43'),
(748, 3, 3, 30, '16.00', '2015-03-02 13:56:46', '2015-03-02 13:56:46'),
(749, 4, 3, 30, '16.00', '2015-03-02 13:56:49', '2015-03-02 13:56:49'),
(750, 5, 3, 30, '8.00', '2015-03-02 13:57:36', '2015-03-02 13:57:36'),
(1153, 10, 7, 31, '6.20', '2015-03-06 14:16:35', '2015-03-06 14:16:35'),
(1154, 10, 7, 32, '7.60', '2015-03-06 14:16:40', '2015-03-06 14:16:40'),
(1155, 10, 7, 33, '8.20', '2015-03-06 14:16:46', '2015-03-06 14:16:46'),
(1156, 10, 7, 34, '4.40', '2015-03-06 14:16:51', '2015-03-06 14:16:51'),
(1157, 10, 7, 35, '6.60', '2015-03-06 14:16:55', '2015-03-06 14:16:55'),
(1158, 10, 7, 36, '8.20', '2015-03-06 14:16:59', '2015-03-06 14:16:59'),
(1159, 10, 7, 37, '7.40', '2015-03-06 14:17:04', '2015-03-06 14:17:04'),
(1160, 10, 7, 38, '8.20', '2015-03-06 14:17:09', '2015-03-06 14:17:09'),
(1161, 10, 7, 39, '7.60', '2015-03-06 14:17:13', '2015-03-06 14:17:13'),
(1162, 10, 7, 40, '6.00', '2015-03-06 14:17:18', '2015-03-06 14:17:18'),
(1163, 10, 7, 41, '7.80', '2015-03-06 14:17:31', '2015-03-06 14:17:31'),
(1164, 10, 7, 42, '5.20', '2015-03-06 14:17:35', '2015-03-06 14:17:35'),
(1165, 10, 7, 43, '6.60', '2015-03-06 14:17:38', '2015-03-06 14:17:38'),
(1166, 10, 7, 44, '5.60', '2015-03-06 14:17:40', '2015-03-06 14:17:40'),
(1167, 10, 7, 45, '7.80', '2015-03-06 14:17:43', '2015-03-06 14:17:43'),
(1168, 10, 8, 31, '6.20', '2015-03-06 14:18:57', '2015-03-06 14:18:57'),
(1169, 10, 8, 32, '7.60', '2015-03-06 14:19:00', '2015-03-06 14:19:00'),
(1170, 10, 8, 33, '8.20', '2015-03-06 14:19:02', '2015-03-06 14:19:02'),
(1171, 10, 8, 34, '4.40', '2015-03-06 14:19:04', '2015-03-06 14:19:04'),
(1172, 10, 8, 35, '6.60', '2015-03-06 14:19:06', '2015-03-06 14:19:06'),
(1173, 10, 8, 36, '8.20', '2015-03-06 14:19:08', '2015-03-06 14:19:08'),
(1174, 10, 8, 37, '7.40', '2015-03-06 14:19:11', '2015-03-06 14:19:11'),
(1175, 10, 8, 38, '8.20', '2015-03-06 14:19:13', '2015-03-06 14:19:13'),
(1176, 10, 8, 39, '7.60', '2015-03-06 14:19:15', '2015-03-06 14:19:15'),
(1177, 10, 8, 40, '6.00', '2015-03-06 14:19:17', '2015-03-06 14:19:17'),
(1178, 10, 8, 41, '7.80', '2015-03-06 14:19:19', '2015-03-06 14:19:19'),
(1179, 10, 8, 42, '5.20', '2015-03-06 14:19:22', '2015-03-06 14:19:22'),
(1180, 10, 8, 43, '6.60', '2015-03-06 14:19:24', '2015-03-06 14:19:24'),
(1181, 10, 8, 44, '5.60', '2015-03-06 14:19:25', '2015-03-06 14:19:25'),
(1182, 10, 8, 45, '7.80', '2015-03-06 14:19:27', '2015-03-06 14:19:27'),
(1183, 10, 9, 31, '6.20', '2015-03-06 14:19:40', '2015-03-06 14:19:40'),
(1184, 10, 9, 32, '7.60', '2015-03-06 14:19:42', '2015-03-06 14:19:42'),
(1185, 10, 9, 33, '8.20', '2015-03-06 14:19:45', '2015-03-06 14:19:45'),
(1186, 10, 9, 34, '4.40', '2015-03-06 14:19:47', '2015-03-06 14:19:47'),
(1187, 10, 9, 35, '6.60', '2015-03-06 14:19:49', '2015-03-06 14:19:49'),
(1188, 10, 9, 36, '8.20', '2015-03-06 14:19:51', '2015-03-06 14:19:51'),
(1189, 10, 9, 37, '7.40', '2015-03-06 14:19:53', '2015-03-06 14:19:53'),
(1190, 10, 9, 38, '8.20', '2015-03-06 14:19:55', '2015-03-06 14:19:55'),
(1191, 10, 9, 39, '7.60', '2015-03-06 14:19:56', '2015-03-06 14:19:56'),
(1192, 10, 9, 40, '6.00', '2015-03-06 14:19:58', '2015-03-06 14:19:58'),
(1193, 10, 9, 41, '7.80', '2015-03-06 14:20:00', '2015-03-06 14:20:00'),
(1194, 10, 9, 42, '5.20', '2015-03-06 14:20:02', '2015-03-06 14:20:02'),
(1195, 10, 9, 43, '6.60', '2015-03-06 14:20:03', '2015-03-06 14:20:03'),
(1196, 10, 9, 44, '5.60', '2015-03-06 14:20:05', '2015-03-06 14:20:05'),
(1197, 10, 9, 45, '7.80', '2015-03-06 14:20:07', '2015-03-06 14:20:07'),
(1198, 10, 10, 31, '6.20', '2015-03-06 14:20:27', '2015-03-06 14:20:27'),
(1199, 10, 10, 32, '7.60', '2015-03-06 14:20:29', '2015-03-06 14:20:29'),
(1200, 10, 10, 33, '8.20', '2015-03-06 14:20:31', '2015-03-06 14:20:31'),
(1201, 10, 10, 34, '4.40', '2015-03-06 14:20:33', '2015-03-06 14:20:33'),
(1202, 10, 10, 35, '6.60', '2015-03-06 14:20:34', '2015-03-06 14:20:34'),
(1203, 10, 10, 36, '8.20', '2015-03-06 14:20:36', '2015-03-06 14:20:36'),
(1204, 10, 10, 37, '7.40', '2015-03-06 14:20:38', '2015-03-06 14:20:38'),
(1205, 10, 10, 38, '8.20', '2015-03-06 14:20:40', '2015-03-06 14:20:40'),
(1206, 10, 10, 39, '7.60', '2015-03-06 14:20:41', '2015-03-06 14:20:41'),
(1207, 10, 10, 40, '6.00', '2015-03-06 14:20:43', '2015-03-06 14:20:43'),
(1208, 10, 10, 41, '7.80', '2015-03-06 14:20:44', '2015-03-06 14:20:44'),
(1209, 10, 10, 42, '5.20', '2015-03-06 14:20:47', '2015-03-06 14:20:47'),
(1210, 10, 10, 43, '6.60', '2015-03-06 14:20:48', '2015-03-06 14:20:48'),
(1211, 10, 10, 44, '5.60', '2015-03-06 14:20:50', '2015-03-06 14:20:50'),
(1212, 10, 10, 45, '7.80', '2015-03-06 14:20:51', '2015-03-06 14:20:51'),
(1213, 10, 11, 31, '6.20', '2015-03-06 14:21:04', '2015-03-06 14:21:04'),
(1214, 10, 11, 32, '7.60', '2015-03-06 14:21:05', '2015-03-06 14:21:05'),
(1215, 10, 11, 33, '8.20', '2015-03-06 14:21:07', '2015-03-06 14:21:07'),
(1216, 10, 11, 34, '4.40', '2015-03-06 14:21:09', '2015-03-06 14:21:09'),
(1217, 10, 11, 35, '6.60', '2015-03-06 14:21:11', '2015-03-06 14:21:11'),
(1218, 10, 11, 36, '8.20', '2015-03-06 14:21:13', '2015-03-06 14:21:13'),
(1219, 10, 11, 37, '7.40', '2015-03-06 14:21:16', '2015-03-06 14:21:16'),
(1220, 10, 11, 38, '8.20', '2015-03-06 14:21:18', '2015-03-06 14:21:18'),
(1221, 10, 11, 39, '7.60', '2015-03-06 14:21:21', '2015-03-06 14:21:21'),
(1222, 10, 11, 40, '6.00', '2015-03-06 14:21:24', '2015-03-06 14:21:24'),
(1223, 10, 11, 41, '7.80', '2015-03-06 14:21:25', '2015-03-06 14:21:25'),
(1224, 10, 11, 42, '5.20', '2015-03-06 14:21:28', '2015-03-06 14:21:28'),
(1225, 10, 11, 43, '6.60', '2015-03-06 14:21:29', '2015-03-06 14:21:29'),
(1226, 10, 11, 44, '5.60', '2015-03-06 14:21:34', '2015-03-06 14:21:34'),
(1227, 10, 11, 45, '7.80', '2015-03-06 14:21:36', '2015-03-06 14:21:36'),
(1240, 6, 9, 31, '25.00', '2015-03-06 15:36:17', '2015-03-06 15:36:17'),
(1241, 7, 9, 31, '25.00', '2015-03-06 15:36:20', '2015-03-06 15:36:20'),
(1242, 6, 7, 31, '27.00', '2015-03-06 15:36:22', '2015-03-06 15:36:22'),
(1243, 6, 11, 31, '25.00', '2015-03-06 15:36:28', '2015-03-06 15:36:28'),
(1244, 6, 10, 31, '27.00', '2015-03-06 15:36:31', '2015-03-06 15:36:31'),
(1245, 7, 10, 31, '28.00', '2015-03-06 15:36:33', '2015-03-06 15:36:33'),
(1246, 8, 10, 31, '14.00', '2015-03-06 15:36:34', '2015-03-06 15:36:34'),
(1247, 9, 10, 31, '14.00', '2015-03-06 15:36:36', '2015-03-06 15:36:36'),
(1248, 7, 7, 31, '24.00', '2015-03-06 15:36:38', '2015-03-06 15:36:38'),
(1249, 7, 11, 31, '24.00', '2015-03-06 15:36:40', '2015-03-06 15:36:40'),
(1250, 8, 11, 31, '13.00', '2015-03-06 15:36:43', '2015-03-06 15:36:43'),
(1251, 8, 9, 31, '12.00', '2015-03-06 15:36:46', '2015-03-06 15:36:46'),
(1252, 8, 7, 31, '13.00', '2015-03-06 15:36:46', '2015-03-06 15:36:46'),
(1253, 9, 7, 31, '12.00', '2015-03-06 15:36:51', '2015-03-06 15:36:51'),
(1254, 9, 9, 31, '12.00', '2015-03-06 15:36:53', '2015-03-06 15:36:53'),
(1255, 7, 8, 31, '25.00', '2015-03-06 15:36:55', '2015-03-06 15:36:55'),
(1256, 6, 8, 31, '20.00', '2015-03-06 15:36:55', '2015-03-06 15:36:55'),
(1257, 8, 8, 31, '10.00', '2015-03-06 15:36:56', '2015-03-06 15:36:56'),
(1258, 9, 8, 31, '11.00', '2015-03-06 15:36:56', '2015-03-06 15:36:56'),
(1259, 9, 11, 31, '13.00', '2015-03-06 15:37:27', '2015-03-06 15:37:27'),
(1260, 6, 8, 32, '18.00', '2015-03-06 15:40:54', '2015-03-06 15:40:54'),
(1261, 6, 9, 32, '20.00', '2015-03-06 15:41:16', '2015-03-06 15:41:16'),
(1262, 8, 8, 32, '8.00', '2015-03-06 15:41:17', '2015-03-06 15:41:17'),
(1263, 7, 9, 32, '20.00', '2015-03-06 15:41:25', '2015-03-06 15:41:25'),
(1264, 8, 9, 32, '10.00', '2015-03-06 15:41:32', '2015-03-06 15:41:32'),
(1265, 7, 8, 32, '23.00', '2015-03-06 15:41:34', '2015-03-06 15:41:34'),
(1266, 9, 9, 32, '10.00', '2015-03-06 15:41:39', '2015-03-06 15:41:39'),
(1267, 9, 8, 32, '10.00', '2015-03-06 15:41:47', '2015-03-06 15:41:47'),
(1268, 6, 10, 32, '26.00', '2015-03-06 15:42:00', '2015-03-06 15:42:00'),
(1269, 6, 11, 32, '21.00', '2015-03-06 15:42:01', '2015-03-06 15:42:01'),
(1270, 7, 11, 32, '23.00', '2015-03-06 15:42:04', '2015-03-06 15:42:04'),
(1271, 6, 7, 32, '22.00', '2015-03-06 15:42:08', '2015-03-06 15:42:08'),
(1272, 7, 10, 32, '25.00', '2015-03-06 15:42:13', '2015-03-06 15:42:13'),
(1273, 8, 10, 32, '12.00', '2015-03-06 15:42:17', '2015-03-06 15:42:17'),
(1274, 7, 7, 32, '25.00', '2015-03-06 15:42:17', '2015-03-06 15:42:17'),
(1275, 8, 11, 32, '12.00', '2015-03-06 15:42:18', '2015-03-06 15:42:18'),
(1276, 9, 10, 32, '12.00', '2015-03-06 15:42:21', '2015-03-06 15:42:21'),
(1277, 9, 11, 32, '10.00', '2015-03-06 15:42:23', '2015-03-06 15:42:23'),
(1278, 8, 7, 32, '12.00', '2015-03-06 15:42:26', '2015-03-06 15:42:26'),
(1279, 9, 7, 32, '10.00', '2015-03-06 15:42:35', '2015-03-06 15:42:35'),
(1280, 8, 8, 33, '13.00', '2015-03-06 15:45:51', '2015-03-06 15:45:51'),
(1281, 7, 8, 33, '24.00', '2015-03-06 15:46:32', '2015-03-06 15:46:32'),
(1282, 6, 8, 33, '20.00', '2015-03-06 15:48:17', '2015-03-06 15:48:17'),
(1283, 6, 11, 33, '24.00', '2015-03-06 15:48:17', '2015-03-06 15:48:17'),
(1284, 6, 7, 33, '28.00', '2015-03-06 15:48:21', '2015-03-06 15:48:21'),
(1285, 6, 9, 33, '20.00', '2015-03-06 15:48:22', '2015-03-06 15:48:22'),
(1286, 7, 11, 33, '25.00', '2015-03-06 15:48:24', '2015-03-06 15:48:24'),
(1287, 9, 8, 33, '12.00', '2015-03-06 15:48:25', '2015-03-06 15:48:25'),
(1288, 7, 9, 33, '22.00', '2015-03-06 15:48:28', '2015-03-06 15:48:28'),
(1289, 6, 10, 33, '26.00', '2015-03-06 15:48:29', '2015-03-06 15:48:29'),
(1290, 7, 7, 33, '27.00', '2015-03-06 15:48:29', '2015-03-06 15:48:29'),
(1291, 8, 11, 33, '13.00', '2015-03-06 15:48:31', '2015-03-06 15:48:31'),
(1292, 7, 10, 33, '27.00', '2015-03-06 15:48:33', '2015-03-06 15:48:33'),
(1293, 9, 11, 33, '12.00', '2015-03-06 15:48:38', '2015-03-06 15:48:38'),
(1294, 9, 9, 33, '12.00', '2015-03-06 15:48:40', '2015-03-06 15:48:40'),
(1295, 8, 10, 33, '13.00', '2015-03-06 15:48:41', '2015-03-06 15:48:41'),
(1296, 8, 7, 33, '13.00', '2015-03-06 15:48:41', '2015-03-06 15:48:41'),
(1297, 9, 10, 33, '12.00', '2015-03-06 15:48:54', '2015-03-06 15:48:54'),
(1298, 9, 7, 33, '13.00', '2015-03-06 15:48:56', '2015-03-06 15:48:56'),
(1299, 8, 9, 33, '12.00', '2015-03-06 15:49:37', '2015-03-06 15:49:37'),
(1300, 8, 8, 34, '9.00', '2015-03-06 15:52:10', '2015-03-06 15:52:10'),
(1301, 6, 7, 34, '25.00', '2015-03-06 15:52:22', '2015-03-06 15:52:22'),
(1302, 9, 8, 34, '8.00', '2015-03-06 15:52:23', '2015-03-06 15:52:23'),
(1303, 7, 7, 34, '22.00', '2015-03-06 15:52:31', '2015-03-06 15:52:31'),
(1304, 6, 9, 34, '20.00', '2015-03-06 15:52:32', '2015-03-06 15:52:32'),
(1305, 6, 8, 34, '15.00', '2015-03-06 15:52:33', '2015-03-06 15:52:33'),
(1306, 6, 10, 34, '25.00', '2015-03-06 15:52:35', '2015-03-06 15:52:35'),
(1307, 7, 9, 34, '18.00', '2015-03-06 15:52:37', '2015-03-06 15:52:37'),
(1308, 7, 10, 34, '26.00', '2015-03-06 15:52:39', '2015-03-06 15:52:39'),
(1309, 7, 8, 34, '21.00', '2015-03-06 15:52:41', '2015-03-06 15:52:41'),
(1310, 8, 9, 34, '10.00', '2015-03-06 15:52:46', '2015-03-06 15:52:46'),
(1311, 8, 7, 34, '12.00', '2015-03-06 15:52:47', '2015-03-06 15:52:47'),
(1312, 9, 7, 34, '12.00', '2015-03-06 15:52:51', '2015-03-06 15:52:51'),
(1313, 9, 9, 34, '10.00', '2015-03-06 15:52:51', '2015-03-06 15:52:51'),
(1314, 9, 10, 34, '12.00', '2015-03-06 15:52:55', '2015-03-06 15:52:55'),
(1315, 9, 11, 34, '10.00', '2015-03-06 15:52:56', '2015-03-06 15:52:56'),
(1316, 8, 10, 34, '12.00', '2015-03-06 15:53:03', '2015-03-06 15:53:03'),
(1317, 6, 11, 34, '21.00', '2015-03-06 15:53:18', '2015-03-06 15:53:18'),
(1318, 7, 11, 34, '22.00', '2015-03-06 15:53:20', '2015-03-06 15:53:20'),
(1319, 8, 11, 34, '10.00', '2015-03-06 15:53:22', '2015-03-06 15:53:22'),
(1320, 6, 7, 35, '26.00', '2015-03-06 15:56:20', '2015-03-06 15:56:20'),
(1321, 6, 8, 35, '19.00', '2015-03-06 15:56:20', '2015-03-06 15:56:20'),
(1322, 6, 11, 35, '23.00', '2015-03-06 15:56:22', '2015-03-06 15:56:22'),
(1323, 6, 9, 35, '18.00', '2015-03-06 15:56:26', '2015-03-06 15:56:26'),
(1324, 7, 11, 35, '25.00', '2015-03-06 15:56:29', '2015-03-06 15:56:29'),
(1325, 7, 9, 35, '18.00', '2015-03-06 15:56:30', '2015-03-06 15:56:30'),
(1326, 7, 8, 35, '23.00', '2015-03-06 15:56:31', '2015-03-06 15:56:31'),
(1327, 8, 11, 35, '13.00', '2015-03-06 15:56:43', '2015-03-06 15:56:43'),
(1328, 8, 9, 35, '10.00', '2015-03-06 15:56:45', '2015-03-06 15:56:45'),
(1329, 7, 7, 35, '23.00', '2015-03-06 15:56:45', '2015-03-06 15:56:45'),
(1330, 9, 11, 35, '12.00', '2015-03-06 15:56:48', '2015-03-06 15:56:48'),
(1331, 8, 8, 35, '9.00', '2015-03-06 15:56:49', '2015-03-06 15:56:49'),
(1332, 9, 9, 35, '10.00', '2015-03-06 15:56:51', '2015-03-06 15:56:51'),
(1333, 8, 7, 35, '12.00', '2015-03-06 15:56:52', '2015-03-06 15:56:52'),
(1334, 6, 10, 35, '28.00', '2015-03-06 15:57:00', '2015-03-06 15:57:00'),
(1335, 9, 8, 35, '10.00', '2015-03-06 15:57:01', '2015-03-06 15:57:01'),
(1336, 7, 10, 35, '27.00', '2015-03-06 15:57:03', '2015-03-06 15:57:03'),
(1337, 9, 7, 35, '12.00', '2015-03-06 15:57:03', '2015-03-06 15:57:03'),
(1338, 8, 10, 35, '13.00', '2015-03-06 15:57:07', '2015-03-06 15:57:07'),
(1339, 9, 10, 35, '13.00', '2015-03-06 15:57:17', '2015-03-06 15:57:17'),
(1340, 6, 8, 36, '12.00', '2015-03-06 16:02:00', '2015-03-06 16:02:00'),
(1341, 7, 8, 36, '19.00', '2015-03-06 16:02:10', '2015-03-06 16:02:10'),
(1342, 8, 8, 36, '10.00', '2015-03-06 16:02:21', '2015-03-06 16:02:21'),
(1343, 9, 8, 36, '8.00', '2015-03-06 16:02:31', '2015-03-06 16:02:31'),
(1344, 6, 7, 36, '22.00', '2015-03-06 16:02:32', '2015-03-06 16:02:32'),
(1345, 6, 9, 36, '16.00', '2015-03-06 16:02:41', '2015-03-06 16:02:41'),
(1346, 7, 7, 36, '25.00', '2015-03-06 16:02:41', '2015-03-06 16:02:41'),
(1347, 7, 9, 36, '16.00', '2015-03-06 16:02:46', '2015-03-06 16:02:46'),
(1348, 6, 10, 36, '24.00', '2015-03-06 16:02:48', '2015-03-06 16:02:48'),
(1349, 8, 7, 36, '12.00', '2015-03-06 16:02:49', '2015-03-06 16:02:49'),
(1350, 6, 11, 36, '20.00', '2015-03-06 16:02:49', '2015-03-06 16:02:49'),
(1351, 7, 10, 36, '24.00', '2015-03-06 16:02:50', '2015-03-06 16:02:50'),
(1352, 8, 9, 36, '10.00', '2015-03-06 16:02:52', '2015-03-06 16:02:52'),
(1353, 9, 7, 36, '11.00', '2015-03-06 16:02:54', '2015-03-06 16:02:54'),
(1354, 7, 11, 36, '22.00', '2015-03-06 16:02:54', '2015-03-06 16:02:54'),
(1355, 9, 9, 36, '8.00', '2015-03-06 16:02:56', '2015-03-06 16:02:56'),
(1356, 8, 11, 36, '13.00', '2015-03-06 16:03:00', '2015-03-06 16:03:00'),
(1357, 8, 10, 36, '12.00', '2015-03-06 16:03:01', '2015-03-06 16:03:01'),
(1358, 9, 11, 36, '12.00', '2015-03-06 16:03:05', '2015-03-06 16:03:05'),
(1359, 9, 10, 36, '13.00', '2015-03-06 16:03:05', '2015-03-06 16:03:05'),
(1360, 6, 8, 37, '13.00', '2015-03-06 16:08:05', '2015-03-06 16:08:05'),
(1361, 6, 9, 37, '15.00', '2015-03-06 16:08:09', '2015-03-06 16:08:09'),
(1362, 6, 7, 37, '20.00', '2015-03-06 16:08:10', '2015-03-06 16:08:10'),
(1363, 6, 11, 37, '20.00', '2015-03-06 16:08:13', '2015-03-06 16:08:13'),
(1364, 7, 9, 37, '15.00', '2015-03-06 16:08:13', '2015-03-06 16:08:13'),
(1365, 7, 11, 37, '21.00', '2015-03-06 16:08:16', '2015-03-06 16:08:16'),
(1366, 7, 8, 37, '18.00', '2015-03-06 16:08:16', '2015-03-06 16:08:16'),
(1367, 6, 10, 37, '23.00', '2015-03-06 16:08:18', '2015-03-06 16:08:18'),
(1368, 8, 9, 37, '8.00', '2015-03-06 16:08:19', '2015-03-06 16:08:19'),
(1369, 7, 7, 37, '22.00', '2015-03-06 16:08:21', '2015-03-06 16:08:21'),
(1370, 7, 10, 37, '22.00', '2015-03-06 16:08:22', '2015-03-06 16:08:22'),
(1371, 8, 11, 37, '11.00', '2015-03-06 16:08:22', '2015-03-06 16:08:22'),
(1372, 9, 9, 37, '8.00', '2015-03-06 16:08:23', '2015-03-06 16:08:23'),
(1373, 8, 8, 37, '10.00', '2015-03-06 16:08:25', '2015-03-06 16:08:25'),
(1374, 8, 10, 37, '11.00', '2015-03-06 16:08:26', '2015-03-06 16:08:26'),
(1375, 9, 11, 37, '11.00', '2015-03-06 16:08:28', '2015-03-06 16:08:28'),
(1376, 8, 7, 37, '11.00', '2015-03-06 16:08:28', '2015-03-06 16:08:28'),
(1377, 9, 10, 37, '12.00', '2015-03-06 16:08:30', '2015-03-06 16:08:30'),
(1378, 9, 7, 37, '11.00', '2015-03-06 16:08:31', '2015-03-06 16:08:31'),
(1379, 9, 8, 37, '8.00', '2015-03-06 16:08:32', '2015-03-06 16:08:32'),
(1380, 6, 7, 38, '23.00', '2015-03-06 16:11:33', '2015-03-06 16:11:33'),
(1381, 6, 8, 38, '21.00', '2015-03-06 16:11:41', '2015-03-06 16:11:41'),
(1382, 7, 8, 38, '24.00', '2015-03-06 16:11:47', '2015-03-06 16:11:47'),
(1383, 6, 11, 38, '25.00', '2015-03-06 16:11:51', '2015-03-06 16:11:51'),
(1384, 6, 9, 38, '22.00', '2015-03-06 16:11:51', '2015-03-06 16:11:51'),
(1385, 7, 9, 38, '22.00', '2015-03-06 16:11:54', '2015-03-06 16:11:54'),
(1386, 6, 10, 38, '24.00', '2015-03-06 16:11:55', '2015-03-06 16:11:55'),
(1387, 7, 7, 38, '24.00', '2015-03-06 16:11:56', '2015-03-06 16:11:56'),
(1388, 7, 11, 38, '25.00', '2015-03-06 16:11:57', '2015-03-06 16:11:57'),
(1389, 8, 9, 38, '10.00', '2015-03-06 16:11:58', '2015-03-06 16:11:58'),
(1390, 7, 10, 38, '25.00', '2015-03-06 16:12:01', '2015-03-06 16:12:01'),
(1391, 8, 10, 38, '12.00', '2015-03-06 16:12:04', '2015-03-06 16:12:04'),
(1392, 8, 11, 38, '13.00', '2015-03-06 16:12:04', '2015-03-06 16:12:04'),
(1393, 9, 10, 38, '12.00', '2015-03-06 16:12:07', '2015-03-06 16:12:07'),
(1394, 8, 7, 38, '12.00', '2015-03-06 16:12:12', '2015-03-06 16:12:12'),
(1395, 9, 11, 38, '13.00', '2015-03-06 16:12:24', '2015-03-06 16:12:24'),
(1396, 8, 8, 38, '13.00', '2015-03-06 16:12:29', '2015-03-06 16:12:29'),
(1397, 9, 7, 38, '12.00', '2015-03-06 16:12:32', '2015-03-06 16:12:32'),
(1398, 9, 8, 38, '12.00', '2015-03-06 16:12:33', '2015-03-06 16:12:33'),
(1399, 9, 9, 38, '12.00', '2015-03-06 16:13:58', '2015-03-06 16:13:58'),
(1400, 6, 8, 39, '22.00', '2015-03-06 16:16:14', '2015-03-06 16:16:14'),
(1401, 7, 8, 39, '26.00', '2015-03-06 16:16:22', '2015-03-06 16:16:22'),
(1402, 6, 7, 39, '27.00', '2015-03-06 16:16:29', '2015-03-06 16:16:29'),
(1403, 6, 9, 39, '22.00', '2015-03-06 16:16:34', '2015-03-06 16:16:34'),
(1404, 8, 8, 39, '14.00', '2015-03-06 16:16:34', '2015-03-06 16:16:34'),
(1405, 7, 9, 39, '22.00', '2015-03-06 16:16:37', '2015-03-06 16:16:37'),
(1406, 8, 9, 39, '12.00', '2015-03-06 16:16:40', '2015-03-06 16:16:40'),
(1407, 9, 8, 39, '14.00', '2015-03-06 16:16:40', '2015-03-06 16:16:40'),
(1408, 6, 10, 39, '25.00', '2015-03-06 16:16:43', '2015-03-06 16:16:43'),
(1409, 9, 9, 39, '12.00', '2015-03-06 16:16:45', '2015-03-06 16:16:45'),
(1410, 7, 10, 39, '26.00', '2015-03-06 16:16:47', '2015-03-06 16:16:47'),
(1411, 7, 7, 39, '25.00', '2015-03-06 16:16:53', '2015-03-06 16:16:53'),
(1412, 6, 11, 39, '26.00', '2015-03-06 16:16:58', '2015-03-06 16:16:58'),
(1413, 7, 11, 39, '27.00', '2015-03-06 16:17:00', '2015-03-06 16:17:00'),
(1414, 8, 11, 39, '14.00', '2015-03-06 16:17:02', '2015-03-06 16:17:02'),
(1415, 8, 10, 39, '14.00', '2015-03-06 16:17:03', '2015-03-06 16:17:03'),
(1416, 9, 11, 39, '13.00', '2015-03-06 16:17:04', '2015-03-06 16:17:04'),
(1417, 8, 7, 39, '13.00', '2015-03-06 16:17:05', '2015-03-06 16:17:05'),
(1418, 9, 10, 39, '14.00', '2015-03-06 16:17:07', '2015-03-06 16:17:07'),
(1419, 9, 7, 39, '12.00', '2015-03-06 16:17:13', '2015-03-06 16:17:13'),
(1420, 6, 10, 40, '27.00', '2015-03-06 16:20:48', '2015-03-06 16:20:48'),
(1421, 7, 10, 40, '28.00', '2015-03-06 16:20:54', '2015-03-06 16:20:54'),
(1422, 8, 10, 40, '14.00', '2015-03-06 16:20:58', '2015-03-06 16:20:58'),
(1423, 6, 7, 40, '25.00', '2015-03-06 16:21:02', '2015-03-06 16:21:02'),
(1424, 9, 10, 40, '15.00', '2015-03-06 16:21:05', '2015-03-06 16:21:05'),
(1425, 6, 8, 40, '13.00', '2015-03-06 16:21:11', '2015-03-06 16:21:11'),
(1426, 6, 9, 40, '23.00', '2015-03-06 16:21:14', '2015-03-06 16:21:14'),
(1427, 7, 7, 40, '23.00', '2015-03-06 16:21:16', '2015-03-06 16:21:16'),
(1428, 7, 9, 40, '23.00', '2015-03-06 16:21:19', '2015-03-06 16:21:19'),
(1429, 7, 8, 40, '21.00', '2015-03-06 16:21:21', '2015-03-06 16:21:21'),
(1430, 8, 9, 40, '12.00', '2015-03-06 16:21:23', '2015-03-06 16:21:23'),
(1431, 8, 7, 40, '12.00', '2015-03-06 16:21:24', '2015-03-06 16:21:24'),
(1432, 9, 7, 40, '12.00', '2015-03-06 16:21:32', '2015-03-06 16:21:32'),
(1433, 8, 8, 40, '12.00', '2015-03-06 16:22:21', '2015-03-06 16:22:21'),
(1434, 9, 8, 40, '12.00', '2015-03-06 16:22:29', '2015-03-06 16:22:29'),
(1435, 6, 11, 40, '22.00', '2015-03-06 16:22:38', '2015-03-06 16:22:38'),
(1436, 7, 11, 40, '23.00', '2015-03-06 16:22:43', '2015-03-06 16:22:43'),
(1437, 8, 11, 40, '12.00', '2015-03-06 16:22:49', '2015-03-06 16:22:49'),
(1438, 9, 11, 40, '12.00', '2015-03-06 16:22:58', '2015-03-06 16:22:58'),
(1439, 9, 9, 40, '13.00', '2015-03-06 16:23:29', '2015-03-06 16:23:29'),
(1440, 6, 8, 41, '24.00', '2015-03-06 16:27:26', '2015-03-06 16:27:26'),
(1441, 7, 8, 41, '25.00', '2015-03-06 16:27:39', '2015-03-06 16:27:39'),
(1442, 6, 7, 41, '24.00', '2015-03-06 16:27:45', '2015-03-06 16:27:45'),
(1443, 8, 8, 41, '14.00', '2015-03-06 16:27:46', '2015-03-06 16:27:46'),
(1444, 9, 8, 41, '14.00', '2015-03-06 16:27:49', '2015-03-06 16:27:49'),
(1445, 6, 11, 41, '27.00', '2015-03-06 16:27:53', '2015-03-06 16:27:53'),
(1446, 6, 10, 41, '27.00', '2015-03-06 16:27:53', '2015-03-06 16:27:53'),
(1447, 7, 10, 41, '27.00', '2015-03-06 16:27:54', '2015-03-06 16:27:54'),
(1448, 7, 11, 41, '25.00', '2015-03-06 16:27:54', '2015-03-06 16:27:54'),
(1449, 8, 11, 41, '12.00', '2015-03-06 16:27:56', '2015-03-06 16:27:56'),
(1450, 8, 10, 41, '13.00', '2015-03-06 16:27:57', '2015-03-06 16:27:57'),
(1451, 9, 10, 41, '13.00', '2015-03-06 16:28:00', '2015-03-06 16:28:00'),
(1452, 9, 11, 41, '12.00', '2015-03-06 16:28:02', '2015-03-06 16:28:02'),
(1453, 6, 9, 41, '28.00', '2015-03-06 16:28:04', '2015-03-06 16:28:04'),
(1454, 7, 7, 41, '23.00', '2015-03-06 16:28:06', '2015-03-06 16:28:06'),
(1455, 7, 9, 41, '20.00', '2015-03-06 16:28:08', '2015-03-06 16:28:08'),
(1456, 8, 9, 41, '10.00', '2015-03-06 16:28:13', '2015-03-06 16:28:13'),
(1457, 9, 9, 41, '10.00', '2015-03-06 16:28:17', '2015-03-06 16:28:17'),
(1458, 8, 7, 41, '12.00', '2015-03-06 16:28:21', '2015-03-06 16:28:21'),
(1459, 9, 7, 41, '11.00', '2015-03-06 16:28:30', '2015-03-06 16:28:30'),
(1460, 6, 8, 42, '15.00', '2015-03-06 16:30:00', '2015-03-06 16:30:00'),
(1461, 7, 8, 42, '20.00', '2015-03-06 16:30:26', '2015-03-06 16:30:26'),
(1462, 8, 8, 42, '12.00', '2015-03-06 16:30:35', '2015-03-06 16:30:35'),
(1463, 6, 9, 42, '20.00', '2015-03-06 16:31:16', '2015-03-06 16:31:16'),
(1464, 9, 8, 42, '10.00', '2015-03-06 16:31:20', '2015-03-06 16:31:20'),
(1465, 7, 9, 42, '18.00', '2015-03-06 16:31:21', '2015-03-06 16:31:21'),
(1466, 6, 11, 42, '20.00', '2015-03-06 16:31:21', '2015-03-06 16:31:21'),
(1467, 6, 7, 42, '22.00', '2015-03-06 16:31:22', '2015-03-06 16:31:22'),
(1468, 7, 11, 42, '19.00', '2015-03-06 16:31:24', '2015-03-06 16:31:24'),
(1469, 8, 9, 42, '10.00', '2015-03-06 16:31:26', '2015-03-06 16:31:26'),
(1470, 8, 11, 42, '10.00', '2015-03-06 16:31:30', '2015-03-06 16:31:30'),
(1471, 9, 9, 42, '10.00', '2015-03-06 16:31:31', '2015-03-06 16:31:31'),
(1472, 7, 7, 42, '22.00', '2015-03-06 16:31:32', '2015-03-06 16:31:32'),
(1473, 6, 10, 42, '24.00', '2015-03-06 16:31:35', '2015-03-06 16:31:35'),
(1474, 7, 10, 42, '24.00', '2015-03-06 16:31:35', '2015-03-06 16:31:35'),
(1475, 9, 11, 42, '9.00', '2015-03-06 16:31:36', '2015-03-06 16:31:36'),
(1476, 8, 7, 42, '11.00', '2015-03-06 16:31:44', '2015-03-06 16:31:44'),
(1477, 8, 10, 42, '12.00', '2015-03-06 16:31:46', '2015-03-06 16:31:46'),
(1478, 9, 10, 42, '11.00', '2015-03-06 16:31:49', '2015-03-06 16:31:49'),
(1479, 9, 7, 42, '11.00', '2015-03-06 16:32:00', '2015-03-06 16:32:00'),
(1480, 6, 8, 43, '26.00', '2015-03-06 16:34:17', '2015-03-06 16:34:17'),
(1481, 6, 10, 43, '26.00', '2015-03-06 16:34:18', '2015-03-06 16:34:18'),
(1482, 6, 11, 43, '19.00', '2015-03-06 16:34:21', '2015-03-06 16:34:21'),
(1483, 7, 8, 43, '26.00', '2015-03-06 16:34:24', '2015-03-06 16:34:24'),
(1484, 7, 10, 43, '28.00', '2015-03-06 16:34:24', '2015-03-06 16:34:24'),
(1485, 6, 7, 43, '26.00', '2015-03-06 16:34:25', '2015-03-06 16:34:25'),
(1486, 8, 8, 43, '15.00', '2015-03-06 16:34:26', '2015-03-06 16:34:26'),
(1487, 7, 11, 43, '21.00', '2015-03-06 16:34:27', '2015-03-06 16:34:27'),
(1488, 8, 10, 43, '13.00', '2015-03-06 16:34:28', '2015-03-06 16:34:28'),
(1489, 6, 9, 43, '26.00', '2015-03-06 16:34:31', '2015-03-06 16:34:31'),
(1490, 8, 11, 43, '12.00', '2015-03-06 16:34:32', '2015-03-06 16:34:32'),
(1491, 7, 9, 43, '25.00', '2015-03-06 16:34:36', '2015-03-06 16:34:36'),
(1492, 9, 8, 43, '15.00', '2015-03-06 16:34:36', '2015-03-06 16:34:36'),
(1493, 7, 7, 43, '26.00', '2015-03-06 16:34:38', '2015-03-06 16:34:38'),
(1494, 9, 11, 43, '11.00', '2015-03-06 16:34:40', '2015-03-06 16:34:40'),
(1495, 8, 9, 43, '12.00', '2015-03-06 16:34:40', '2015-03-06 16:34:40'),
(1496, 9, 10, 43, '13.00', '2015-03-06 16:34:42', '2015-03-06 16:34:42'),
(1497, 9, 9, 43, '13.00', '2015-03-06 16:34:43', '2015-03-06 16:34:43'),
(1498, 8, 7, 43, '12.00', '2015-03-06 16:34:49', '2015-03-06 16:34:49'),
(1499, 9, 7, 43, '11.00', '2015-03-06 16:35:35', '2015-03-06 16:35:35'),
(1500, 6, 7, 44, '27.00', '2015-03-06 16:37:26', '2015-03-06 16:37:26'),
(1501, 6, 11, 44, '26.00', '2015-03-06 16:37:32', '2015-03-06 16:37:32'),
(1502, 6, 8, 44, '24.00', '2015-03-06 16:37:35', '2015-03-06 16:37:35'),
(1503, 7, 8, 44, '24.00', '2015-03-06 16:37:42', '2015-03-06 16:37:42'),
(1504, 7, 7, 44, '27.00', '2015-03-06 16:37:44', '2015-03-06 16:37:44'),
(1505, 8, 8, 44, '13.00', '2015-03-06 16:37:47', '2015-03-06 16:37:47'),
(1506, 6, 9, 44, '26.00', '2015-03-06 16:37:47', '2015-03-06 16:37:47'),
(1507, 7, 11, 44, '26.00', '2015-03-06 16:37:49', '2015-03-06 16:37:49'),
(1508, 7, 9, 44, '25.00', '2015-03-06 16:37:52', '2015-03-06 16:37:52'),
(1509, 8, 11, 44, '13.00', '2015-03-06 16:37:55', '2015-03-06 16:37:55'),
(1510, 8, 9, 44, '13.00', '2015-03-06 16:37:56', '2015-03-06 16:37:56'),
(1511, 9, 8, 44, '13.00', '2015-03-06 16:37:57', '2015-03-06 16:37:57'),
(1512, 9, 11, 44, '13.00', '2015-03-06 16:37:58', '2015-03-06 16:37:58'),
(1513, 9, 9, 44, '14.00', '2015-03-06 16:38:00', '2015-03-06 16:38:00'),
(1514, 8, 7, 44, '12.00', '2015-03-06 16:38:02', '2015-03-06 16:38:02'),
(1515, 6, 10, 44, '26.00', '2015-03-06 16:38:05', '2015-03-06 16:38:05'),
(1516, 7, 10, 44, '27.00', '2015-03-06 16:38:08', '2015-03-06 16:38:08'),
(1517, 9, 7, 44, '12.00', '2015-03-06 16:38:12', '2015-03-06 16:38:12'),
(1518, 8, 10, 44, '13.00', '2015-03-06 16:38:13', '2015-03-06 16:38:13'),
(1519, 9, 10, 44, '14.00', '2015-03-06 16:38:17', '2015-03-06 16:38:17'),
(1520, 6, 7, 45, '25.00', '2015-03-06 16:40:20', '2015-03-06 16:40:20'),
(1521, 7, 7, 45, '26.00', '2015-03-06 16:40:49', '2015-03-06 16:40:49'),
(1522, 6, 11, 45, '26.00', '2015-03-06 16:40:58', '2015-03-06 16:40:58'),
(1523, 6, 8, 45, '20.00', '2015-03-06 16:40:59', '2015-03-06 16:40:59'),
(1524, 8, 7, 45, '12.00', '2015-03-06 16:41:06', '2015-03-06 16:41:06'),
(1525, 6, 10, 45, '23.00', '2015-03-06 16:41:09', '2015-03-06 16:41:09'),
(1526, 7, 8, 45, '20.00', '2015-03-06 16:41:09', '2015-03-06 16:41:09'),
(1527, 6, 9, 45, '24.00', '2015-03-06 16:41:12', '2015-03-06 16:41:12'),
(1528, 7, 10, 45, '24.00', '2015-03-06 16:41:13', '2015-03-06 16:41:13'),
(1529, 8, 11, 45, '13.00', '2015-03-06 16:41:14', '2015-03-06 16:41:14'),
(1530, 9, 7, 45, '11.00', '2015-03-06 16:41:17', '2015-03-06 16:41:17'),
(1531, 8, 10, 45, '12.00', '2015-03-06 16:41:17', '2015-03-06 16:41:17'),
(1532, 9, 11, 45, '13.00', '2015-03-06 16:41:18', '2015-03-06 16:41:18'),
(1533, 7, 9, 45, '24.00', '2015-03-06 16:41:20', '2015-03-06 16:41:20'),
(1534, 9, 10, 45, '13.00', '2015-03-06 16:41:21', '2015-03-06 16:41:21'),
(1535, 8, 8, 45, '12.00', '2015-03-06 16:41:21', '2015-03-06 16:41:21'),
(1536, 7, 11, 45, '25.00', '2015-03-06 16:41:24', '2015-03-06 16:41:24'),
(1537, 8, 9, 45, '12.00', '2015-03-06 16:41:33', '2015-03-06 16:41:33'),
(1538, 9, 9, 45, '12.00', '2015-03-06 16:41:36', '2015-03-06 16:41:36'),
(1539, 9, 8, 45, '10.00', '2015-03-06 16:41:40', '2015-03-06 16:41:40'),
(1540, 12, 12, 51, '30.00', '2015-03-11 01:46:27', '2015-03-11 01:46:27'),
(1541, 13, 12, 51, '10.00', '2015-03-11 01:46:29', '2015-03-11 01:46:29'),
(1542, 14, 12, 51, '15.00', '2015-03-11 01:46:52', '2015-03-11 01:46:52'),
(1543, 11, 12, 51, '25.00', '2015-03-11 01:46:52', '2015-03-11 01:46:52'),
(1544, 12, 13, 51, '25.00', '2015-03-11 06:24:09', '2015-03-11 06:24:09'),
(1545, 13, 13, 51, '10.00', '2015-03-11 06:24:13', '2015-03-11 06:24:13'),
(1546, 14, 13, 51, '10.00', '2015-03-11 06:24:16', '2015-03-11 06:24:16'),
(1547, 11, 13, 51, '20.00', '2015-03-11 01:46:52', '2015-03-11 01:46:52'),
(1548, 12, 14, 51, '25.00', '2015-03-11 06:50:22', '2015-03-11 06:50:22'),
(1549, 13, 14, 51, '13.00', '2015-03-11 06:50:23', '2015-03-11 06:50:23'),
(1550, 14, 14, 51, '11.00', '2015-03-11 06:50:24', '2015-03-11 06:50:24'),
(1554, 12, 12, 48, '15.00', '2015-03-13 07:45:30', '2015-03-13 07:45:30'),
(1555, 13, 12, 48, '15.00', '2015-03-13 07:45:32', '2015-03-13 07:45:32'),
(1556, 14, 12, 48, '15.00', '2015-03-13 07:45:37', '2015-03-13 07:45:37'),
(1557, 14, 37, 51, '10.00', '2015-03-13 17:32:14', '2015-03-13 17:32:14'),
(1558, 13, 17, 51, '5.00', '2015-03-13 17:32:20', '2015-03-13 17:32:20'),
(1559, 14, 35, 51, '15.00', '2015-03-13 17:32:40', '2015-03-13 17:32:40'),
(1560, 12, 17, 51, '25.00', '2015-03-13 17:39:17', '2015-03-13 17:39:17'),
(1561, 12, 18, 51, '30.00', '2015-03-13 17:39:19', '2015-03-13 17:39:19'),
(1562, 12, 47, 51, '20.00', '2015-03-13 17:39:21', '2015-03-13 17:39:21'),
(1563, 13, 18, 51, '15.00', '2015-03-13 17:39:24', '2015-03-13 17:39:24'),
(1564, 13, 47, 51, '14.00', '2015-03-13 17:39:25', '2015-03-13 17:39:25'),
(1565, 12, 15, 51, '30.00', '2015-03-13 17:39:26', '2015-03-13 17:39:26'),
(1566, 14, 17, 51, '2.00', '2015-03-13 17:39:26', '2015-03-13 17:39:26'),
(1567, 12, 49, 51, '20.00', '2015-03-13 17:39:26', '2015-03-13 17:39:26'),
(1568, 14, 18, 51, '15.00', '2015-03-13 17:39:26', '2015-03-13 17:39:26'),
(1569, 13, 15, 51, '13.00', '2015-03-13 17:39:28', '2015-03-13 17:39:28'),
(1570, 14, 47, 51, '13.00', '2015-03-13 17:39:29', '2015-03-13 17:39:29'),
(1571, 12, 48, 51, '25.00', '2015-03-13 17:39:29', '2015-03-13 17:39:29'),
(1572, 14, 15, 51, '15.00', '2015-03-13 17:39:30', '2015-03-13 17:39:30'),
(1573, 12, 12, 60, '12.00', '2015-03-13 17:39:31', '2015-03-13 17:39:31'),
(1574, 12, 46, 51, '20.00', '2015-03-13 17:39:31', '2015-03-13 17:39:31'),
(1575, 12, 16, 51, '25.00', '2015-03-13 17:39:32', '2015-03-13 17:39:32'),
(1576, 12, 15, 60, '15.00', '2015-03-13 17:39:32', '2015-03-13 17:39:32'),
(1577, 12, 18, 60, '7.00', '2015-03-13 17:39:32', '2015-03-13 17:39:32'),
(1578, 14, 12, 60, '12.00', '2015-03-13 17:39:32', '2015-03-13 17:39:32'),
(1579, 13, 15, 60, '15.00', '2015-03-13 17:39:33', '2015-03-13 17:39:33'),
(1580, 13, 48, 51, '14.00', '2015-03-13 17:39:34', '2015-03-13 17:39:34'),
(1581, 13, 18, 60, '1.00', '2015-03-13 17:39:34', '2015-03-13 17:39:34'),
(1582, 14, 15, 60, '15.00', '2015-03-13 17:39:34', '2015-03-13 17:39:34'),
(1583, 13, 49, 51, '12.00', '2015-03-13 17:39:34', '2015-03-13 17:39:34'),
(1584, 13, 16, 51, '10.00', '2015-03-13 17:39:35', '2015-03-13 17:39:35'),
(1585, 13, 12, 60, '12.00', '2015-03-13 17:39:36', '2015-03-13 17:39:36'),
(1586, 12, 15, 50, '23.00', '2015-03-13 17:39:37', '2015-03-13 17:39:37'),
(1587, 14, 18, 60, '4.00', '2015-03-13 17:39:37', '2015-03-13 17:39:37'),
(1588, 12, 47, 60, '20.00', '2015-03-13 17:39:38', '2015-03-13 17:39:38'),
(1589, 13, 46, 51, '8.00', '2015-03-13 17:39:38', '2015-03-13 17:39:38'),
(1590, 13, 15, 50, '2.00', '2015-03-13 17:39:38', '2015-03-13 17:39:38'),
(1591, 14, 15, 50, '3.00', '2015-03-13 17:39:39', '2015-03-13 17:39:39'),
(1592, 12, 17, 60, '12.00', '2015-03-13 17:39:40', '2015-03-13 17:39:40'),
(1593, 14, 15, 58, '5.00', '2015-03-13 17:39:48', '2015-03-13 17:39:48'),
(1594, 14, 16, 51, '15.00', '2015-03-13 17:39:49', '2015-03-13 17:39:49'),
(1595, 12, 14, 60, '30.00', '2015-03-13 17:39:49', '2015-03-13 17:39:49'),
(1596, 13, 15, 58, '12.00', '2015-03-13 17:39:49', '2015-03-13 17:39:49'),
(1597, 13, 12, 50, '15.00', '2015-03-13 17:39:49', '2015-03-13 17:39:49'),
(1598, 12, 15, 58, '13.00', '2015-03-13 17:39:49', '2015-03-13 17:39:49'),
(1599, 14, 46, 51, '10.00', '2015-03-13 17:39:49', '2015-03-13 17:39:49'),
(1600, 14, 17, 60, '5.00', '2015-03-13 17:39:49', '2015-03-13 17:39:49'),
(1601, 12, 12, 50, '14.00', '2015-03-13 17:39:49', '2015-03-13 17:39:49'),
(1602, 13, 18, 50, '3.00', '2015-03-13 17:39:49', '2015-03-13 17:39:49'),
(1603, 14, 12, 50, '15.00', '2015-03-13 17:39:49', '2015-03-13 17:39:49'),
(1604, 12, 18, 50, '15.00', '2015-03-13 17:39:49', '2015-03-13 17:39:49'),
(1605, 13, 17, 60, '12.00', '2015-03-13 17:39:49', '2015-03-13 17:39:49'),
(1606, 13, 47, 60, '13.00', '2015-03-13 17:39:49', '2015-03-13 17:39:49'),
(1607, 12, 16, 60, '30.00', '2015-03-13 17:39:50', '2015-03-13 17:39:50'),
(1608, 13, 16, 60, '15.00', '2015-03-13 17:39:53', '2015-03-13 17:39:53'),
(1609, 14, 18, 50, '15.00', '2015-03-13 17:39:55', '2015-03-13 17:39:55'),
(1610, 14, 48, 51, '15.00', '2015-03-13 17:39:55', '2015-03-13 17:39:55'),
(1611, 14, 49, 51, '12.00', '2015-03-13 17:39:56', '2015-03-13 17:39:56'),
(1612, 14, 47, 60, '14.00', '2015-03-13 17:39:57', '2015-03-13 17:39:57'),
(1613, 12, 15, 54, '30.00', '2015-03-13 17:39:58', '2015-03-13 17:39:58'),
(1614, 14, 16, 60, '10.00', '2015-03-13 17:39:58', '2015-03-13 17:39:58'),
(1615, 12, 13, 60, '25.00', '2015-03-13 17:39:59', '2015-03-13 17:39:59'),
(1616, 12, 12, 58, '16.00', '2015-03-13 17:39:59', '2015-03-13 17:39:59'),
(1617, 13, 15, 54, '15.00', '2015-03-13 17:40:00', '2015-03-13 17:40:00'),
(1618, 12, 47, 50, '28.00', '2015-03-13 17:40:01', '2015-03-13 17:40:01'),
(1619, 12, 46, 60, '25.00', '2015-03-13 17:40:01', '2015-03-13 17:40:01'),
(1620, 14, 17, 50, '10.00', '2015-03-13 17:40:02', '2015-03-13 17:40:02'),
(1621, 13, 13, 60, '10.00', '2015-03-13 17:40:03', '2015-03-13 17:40:03'),
(1622, 13, 47, 50, '12.00', '2015-03-13 17:40:03', '2015-03-13 17:40:03'),
(1623, 12, 18, 58, '20.00', '2015-03-13 17:40:04', '2015-03-13 17:40:04'),
(1624, 13, 46, 60, '10.00', '2015-03-13 17:40:04', '2015-03-13 17:40:04'),
(1625, 14, 47, 50, '11.00', '2015-03-13 17:40:05', '2015-03-13 17:40:05'),
(1626, 14, 15, 54, '15.00', '2015-03-13 17:40:05', '2015-03-13 17:40:05'),
(1627, 13, 18, 58, '13.00', '2015-03-13 17:40:05', '2015-03-13 17:40:05'),
(1628, 14, 13, 60, '10.00', '2015-03-13 17:40:08', '2015-03-13 17:40:08'),
(1629, 12, 15, 48, '20.00', '2015-03-13 17:40:09', '2015-03-13 17:40:09'),
(1630, 14, 46, 60, '8.00', '2015-03-13 17:40:09', '2015-03-13 17:40:09'),
(1631, 13, 12, 58, '15.00', '2015-03-13 17:40:12', '2015-03-13 17:40:12'),
(1632, 14, 18, 58, '12.00', '2015-03-13 17:40:12', '2015-03-13 17:40:12'),
(1633, 13, 15, 48, '10.00', '2015-03-13 17:40:13', '2015-03-13 17:40:13'),
(1634, 12, 47, 58, '30.00', '2015-03-13 17:40:14', '2015-03-13 17:40:14'),
(1635, 14, 15, 48, '10.00', '2015-03-13 17:40:14', '2015-03-13 17:40:14'),
(1636, 13, 47, 58, '14.00', '2015-03-13 17:40:15', '2015-03-13 17:40:15'),
(1637, 12, 46, 50, '28.00', '2015-03-13 17:40:15', '2015-03-13 17:40:15'),
(1638, 12, 18, 54, '30.00', '2015-03-13 17:40:16', '2015-03-13 17:40:16'),
(1639, 14, 47, 58, '12.00', '2015-03-13 17:40:17', '2015-03-13 17:40:17'),
(1640, 12, 17, 58, '12.00', '2015-03-13 17:40:17', '2015-03-13 17:40:17'),
(1641, 12, 16, 50, '25.00', '2015-03-13 17:40:18', '2015-03-13 17:40:18'),
(1642, 13, 18, 54, '15.00', '2015-03-13 17:40:18', '2015-03-13 17:40:18'),
(1643, 13, 46, 50, '13.00', '2015-03-13 17:40:18', '2015-03-13 17:40:18'),
(1644, 12, 13, 50, '28.00', '2015-03-13 17:40:19', '2015-03-13 17:40:19'),
(1645, 12, 15, 46, '11.00', '2015-03-13 17:40:19', '2015-03-13 17:40:19'),
(1646, 14, 18, 54, '15.00', '2015-03-13 17:40:19', '2015-03-13 17:40:19'),
(1647, 13, 15, 46, '11.00', '2015-03-13 17:40:20', '2015-03-13 17:40:20'),
(1648, 12, 47, 54, '30.00', '2015-03-13 17:40:20', '2015-03-13 17:40:20'),
(1649, 13, 17, 58, '12.00', '2015-03-13 17:40:21', '2015-03-13 17:40:21'),
(1650, 14, 15, 46, '12.00', '2015-03-13 17:40:21', '2015-03-13 17:40:21'),
(1651, 13, 13, 50, '15.00', '2015-03-13 17:40:22', '2015-03-13 17:40:22'),
(1652, 14, 46, 50, '12.00', '2015-03-13 17:40:22', '2015-03-13 17:40:22'),
(1653, 14, 17, 58, '12.00', '2015-03-13 17:40:22', '2015-03-13 17:40:22'),
(1654, 13, 16, 50, '10.00', '2015-03-13 17:40:23', '2015-03-13 17:40:23'),
(1655, 14, 16, 50, '10.00', '2015-03-13 17:40:25', '2015-03-13 17:40:25'),
(1656, 13, 47, 54, '15.00', '2015-03-13 17:40:26', '2015-03-13 17:40:26'),
(1657, 14, 47, 54, '15.00', '2015-03-13 17:40:29', '2015-03-13 17:40:29'),
(1658, 14, 13, 50, '15.00', '2015-03-13 17:40:30', '2015-03-13 17:40:30'),
(1659, 12, 17, 54, '30.00', '2015-03-13 17:40:30', '2015-03-13 17:40:30'),
(1660, 13, 17, 54, '15.00', '2015-03-13 17:40:32', '2015-03-13 17:40:32'),
(1661, 12, 47, 48, '28.00', '2015-03-13 17:40:32', '2015-03-13 17:40:32'),
(1662, 12, 15, 53, '2.00', '2015-03-13 17:40:33', '2015-03-13 17:40:33'),
(1663, 14, 12, 58, '15.00', '2015-03-13 17:40:33', '2015-03-13 17:40:33'),
(1664, 13, 15, 53, '2.00', '2015-03-13 17:40:33', '2015-03-13 17:40:33'),
(1665, 12, 18, 48, '12.00', '2015-03-13 17:40:33', '2015-03-13 17:40:33'),
(1666, 13, 47, 48, '11.00', '2015-03-13 17:40:33', '2015-03-13 17:40:33'),
(1667, 14, 15, 53, '2.00', '2015-03-13 17:40:34', '2015-03-13 17:40:34'),
(1668, 14, 17, 54, '15.00', '2015-03-13 17:40:34', '2015-03-13 17:40:34'),
(1669, 13, 18, 48, '14.00', '2015-03-13 17:40:35', '2015-03-13 17:40:35'),
(1670, 12, 15, 57, '3.00', '2015-03-13 17:40:35', '2015-03-13 17:40:35'),
(1671, 12, 46, 58, '27.00', '2015-03-13 17:40:36', '2015-03-13 17:40:36'),
(1672, 13, 15, 57, '4.00', '2015-03-13 17:40:36', '2015-03-13 17:40:36'),
(1673, 12, 13, 58, '30.00', '2015-03-13 17:40:36', '2015-03-13 17:40:36'),
(1674, 14, 15, 57, '5.00', '2015-03-13 17:40:37', '2015-03-13 17:40:37'),
(1675, 12, 49, 60, '20.00', '2015-03-13 17:40:37', '2015-03-13 17:40:37'),
(1676, 13, 46, 58, '14.00', '2015-03-13 17:40:38', '2015-03-13 17:40:38'),
(1677, 13, 14, 60, '11.00', '2015-03-13 17:40:38', '2015-03-13 17:40:38'),
(1678, 12, 16, 58, '15.00', '2015-03-13 17:40:38', '2015-03-13 17:40:38'),
(1679, 12, 17, 48, '12.00', '2015-03-13 17:40:38', '2015-03-13 17:40:38'),
(1680, 13, 13, 58, '15.00', '2015-03-13 17:40:39', '2015-03-13 17:40:39'),
(1681, 12, 15, 59, '1.00', '2015-03-13 17:40:39', '2015-03-13 17:40:39'),
(1682, 12, 48, 60, '20.00', '2015-03-13 17:40:39', '2015-03-13 17:40:39'),
(1683, 13, 17, 48, '12.00', '2015-03-13 17:40:39', '2015-03-13 17:40:39'),
(1684, 13, 15, 59, '2.00', '2015-03-13 17:40:40', '2015-03-13 17:40:40'),
(1685, 13, 49, 60, '12.00', '2015-03-13 17:40:40', '2015-03-13 17:40:40'),
(1686, 14, 46, 58, '11.00', '2015-03-13 17:40:40', '2015-03-13 17:40:40'),
(1687, 13, 16, 58, '10.00', '2015-03-13 17:40:41', '2015-03-13 17:40:41'),
(1688, 14, 13, 58, '15.00', '2015-03-13 17:40:41', '2015-03-13 17:40:41'),
(1689, 14, 15, 59, '3.00', '2015-03-13 17:40:41', '2015-03-13 17:40:41'),
(1690, 12, 12, 54, '30.00', '2015-03-13 17:40:41', '2015-03-13 17:40:41'),
(1691, 14, 17, 48, '12.00', '2015-03-13 17:40:41', '2015-03-13 17:40:41'),
(1692, 14, 49, 60, '12.00', '2015-03-13 17:40:42', '2015-03-13 17:40:42'),
(1693, 14, 16, 58, '10.00', '2015-03-13 17:40:43', '2015-03-13 17:40:43'),
(1694, 13, 12, 54, '15.00', '2015-03-13 17:40:44', '2015-03-13 17:40:44'),
(1695, 12, 17, 46, '10.00', '2015-03-13 17:40:44', '2015-03-13 17:40:44'),
(1696, 13, 48, 60, '15.00', '2015-03-13 17:40:45', '2015-03-13 17:40:45'),
(1697, 13, 17, 46, '10.00', '2015-03-13 17:40:45', '2015-03-13 17:40:45'),
(1698, 14, 47, 48, '15.00', '2015-03-13 17:40:45', '2015-03-13 17:40:45'),
(1699, 12, 13, 54, '30.00', '2015-03-13 17:40:46', '2015-03-13 17:40:46'),
(1700, 12, 49, 50, '30.00', '2015-03-13 17:40:46', '2015-03-13 17:40:46'),
(1701, 12, 15, 47, '1.00', '2015-03-13 17:40:46', '2015-03-13 17:40:46'),
(1702, 14, 12, 54, '15.00', '2015-03-13 17:40:46', '2015-03-13 17:40:46'),
(1703, 14, 17, 46, '10.00', '2015-03-13 17:40:46', '2015-03-13 17:40:46'),
(1704, 13, 13, 54, '15.00', '2015-03-13 17:40:47', '2015-03-13 17:40:47'),
(1705, 12, 46, 54, '30.00', '2015-03-13 17:40:48', '2015-03-13 17:40:48'),
(1706, 12, 14, 50, '27.00', '2015-03-13 17:40:48', '2015-03-13 17:40:48'),
(1707, 12, 47, 46, '25.00', '2015-03-13 17:40:48', '2015-03-13 17:40:48'),
(1708, 14, 48, 60, '10.00', '2015-03-13 17:40:48', '2015-03-13 17:40:48'),
(1709, 13, 49, 50, '15.00', '2015-03-13 17:40:49', '2015-03-13 17:40:49'),
(1710, 14, 13, 54, '15.00', '2015-03-13 17:40:50', '2015-03-13 17:40:50'),
(1711, 13, 47, 46, '12.00', '2015-03-13 17:40:50', '2015-03-13 17:40:50'),
(1712, 12, 16, 54, '30.00', '2015-03-13 17:40:50', '2015-03-13 17:40:50'),
(1713, 13, 46, 54, '15.00', '2015-03-13 17:40:50', '2015-03-13 17:40:50'),
(1714, 12, 17, 53, '10.00', '2015-03-13 17:40:51', '2015-03-13 17:40:51'),
(1715, 14, 49, 50, '15.00', '2015-03-13 17:40:51', '2015-03-13 17:40:51'),
(1716, 13, 16, 54, '15.00', '2015-03-13 17:40:52', '2015-03-13 17:40:52'),
(1717, 14, 47, 46, '11.00', '2015-03-13 17:40:52', '2015-03-13 17:40:52'),
(1718, 13, 14, 50, '10.00', '2015-03-13 17:40:52', '2015-03-13 17:40:52'),
(1719, 13, 15, 47, '2.00', '2015-03-13 17:40:52', '2015-03-13 17:40:52'),
(1720, 13, 17, 53, '10.00', '2015-03-13 17:40:52', '2015-03-13 17:40:52'),
(1721, 14, 15, 47, '3.00', '2015-03-13 17:40:53', '2015-03-13 17:40:53'),
(1722, 14, 17, 53, '10.00', '2015-03-13 17:40:53', '2015-03-13 17:40:53'),
(1723, 14, 14, 50, '12.00', '2015-03-13 17:40:54', '2015-03-13 17:40:54'),
(1724, 12, 48, 50, '21.00', '2015-03-13 17:40:55', '2015-03-13 17:40:55'),
(1725, 12, 47, 53, '10.00', '2015-03-13 17:40:55', '2015-03-13 17:40:55'),
(1726, 12, 15, 55, '21.00', '2015-03-13 17:40:56', '2015-03-13 17:40:56'),
(1727, 12, 17, 57, '5.00', '2015-03-13 17:40:57', '2015-03-13 17:40:57'),
(1728, 14, 18, 48, '14.00', '2015-03-13 17:40:57', '2015-03-13 17:40:57'),
(1729, 12, 14, 58, '25.00', '2015-03-13 17:40:57', '2015-03-13 17:40:57'),
(1730, 13, 47, 53, '13.00', '2015-03-13 17:40:57', '2015-03-13 17:40:57'),
(1731, 13, 15, 55, '12.00', '2015-03-13 17:40:58', '2015-03-13 17:40:58'),
(1732, 14, 16, 54, '15.00', '2015-03-13 17:40:58', '2015-03-13 17:40:58'),
(1733, 13, 48, 50, '14.00', '2015-03-13 17:40:59', '2015-03-13 17:40:59'),
(1734, 14, 15, 55, '12.00', '2015-03-13 17:40:59', '2015-03-13 17:40:59'),
(1735, 13, 17, 57, '5.00', '2015-03-13 17:40:59', '2015-03-13 17:40:59'),
(1736, 14, 17, 57, '5.00', '2015-03-13 17:40:59', '2015-03-13 17:40:59'),
(1737, 12, 13, 48, '30.00', '2015-03-13 17:40:59', '2015-03-13 17:40:59'),
(1738, 14, 47, 53, '14.00', '2015-03-13 17:40:59', '2015-03-13 17:40:59'),
(1739, 12, 18, 46, '1.00', '2015-03-13 17:41:00', '2015-03-13 17:41:00'),
(1740, 13, 14, 58, '11.00', '2015-03-13 17:41:00', '2015-03-13 17:41:00'),
(1741, 12, 51, 51, '25.00', '2015-03-13 17:41:00', '2015-03-13 17:41:00'),
(1742, 12, 49, 58, '30.00', '2015-03-13 17:41:01', '2015-03-13 17:41:01'),
(1743, 13, 18, 46, '4.00', '2015-03-13 17:41:01', '2015-03-13 17:41:01'),
(1744, 13, 13, 48, '15.00', '2015-03-13 17:41:01', '2015-03-13 17:41:01'),
(1745, 14, 48, 50, '13.00', '2015-03-13 17:41:01', '2015-03-13 17:41:01'),
(1746, 14, 18, 46, '1.00', '2015-03-13 17:41:02', '2015-03-13 17:41:02'),
(1747, 14, 13, 48, '15.00', '2015-03-13 17:41:02', '2015-03-13 17:41:02'),
(1748, 12, 17, 59, '4.00', '2015-03-13 17:41:03', '2015-03-13 17:41:03'),
(1749, 12, 18, 53, '2.00', '2015-03-13 17:41:03', '2015-03-13 17:41:03'),
(1750, 14, 46, 54, '15.00', '2015-03-13 17:41:03', '2015-03-13 17:41:03'),
(1751, 12, 47, 57, '17.00', '2015-03-13 17:41:03', '2015-03-13 17:41:03'),
(1752, 12, 15, 49, '27.00', '2015-03-13 17:41:04', '2015-03-13 17:41:04'),
(1753, 13, 18, 53, '5.00', '2015-03-13 17:41:04', '2015-03-13 17:41:04'),
(1754, 13, 17, 59, '1.00', '2015-03-13 17:41:04', '2015-03-13 17:41:04'),
(1755, 13, 47, 57, '13.00', '2015-03-13 17:41:04', '2015-03-13 17:41:04'),
(1756, 13, 49, 58, '1.00', '2015-03-13 17:41:04', '2015-03-13 17:41:04'),
(1757, 14, 14, 58, '10.00', '2015-03-13 17:41:05', '2015-03-13 17:41:05'),
(1758, 14, 18, 53, '6.00', '2015-03-13 17:41:05', '2015-03-13 17:41:05'),
(1759, 14, 47, 57, '11.00', '2015-03-13 17:41:05', '2015-03-13 17:41:05'),
(1760, 12, 18, 57, '1.00', '2015-03-13 17:41:06', '2015-03-13 17:41:06'),
(1761, 14, 17, 59, '1.00', '2015-03-13 17:41:06', '2015-03-13 17:41:06'),
(1762, 13, 18, 57, '3.00', '2015-03-13 17:41:06', '2015-03-13 17:41:06'),
(1763, 14, 49, 58, '2.00', '2015-03-13 17:41:07', '2015-03-13 17:41:07'),
(1764, 12, 48, 58, '27.00', '2015-03-13 17:41:07', '2015-03-13 17:41:07'),
(1765, 13, 15, 49, '12.00', '2015-03-13 17:41:07', '2015-03-13 17:41:07'),
(1766, 14, 18, 57, '5.00', '2015-03-13 17:41:07', '2015-03-13 17:41:07'),
(1767, 12, 47, 59, '24.00', '2015-03-13 17:41:07', '2015-03-13 17:41:07'),
(1768, 12, 17, 47, '1.00', '2015-03-13 17:41:08', '2015-03-13 17:41:08'),
(1769, 12, 18, 59, '7.00', '2015-03-13 17:41:08', '2015-03-13 17:41:08'),
(1770, 12, 12, 46, '14.00', '2015-03-13 17:41:08', '2015-03-13 17:41:08'),
(1771, 13, 17, 47, '1.00', '2015-03-13 17:41:09', '2015-03-13 17:41:09'),
(1772, 14, 15, 49, '12.00', '2015-03-13 17:41:09', '2015-03-13 17:41:09'),
(1773, 13, 47, 59, '12.00', '2015-03-13 17:41:09', '2015-03-13 17:41:09'),
(1774, 13, 18, 59, '2.00', '2015-03-13 17:41:09', '2015-03-13 17:41:09'),
(1775, 12, 14, 54, '30.00', '2015-03-13 17:41:09', '2015-03-13 17:41:09'),
(1776, 14, 17, 47, '1.00', '2015-03-13 17:41:09', '2015-03-13 17:41:09'),
(1777, 13, 48, 58, '13.00', '2015-03-13 17:41:10', '2015-03-13 17:41:10'),
(1778, 14, 51, 51, '11.00', '2015-03-13 17:41:10', '2015-03-13 17:41:10'),
(1779, 12, 15, 56, '11.00', '2015-03-13 17:41:10', '2015-03-13 17:41:10'),
(1780, 12, 13, 46, '29.00', '2015-03-13 17:41:10', '2015-03-13 17:41:10'),
(1781, 13, 14, 54, '15.00', '2015-03-13 17:41:10', '2015-03-13 17:41:10'),
(1782, 14, 47, 59, '15.00', '2015-03-13 17:41:10', '2015-03-13 17:41:10'),
(1783, 14, 18, 59, '7.00', '2015-03-13 17:41:11', '2015-03-13 17:41:11'),
(1784, 12, 17, 55, '1.00', '2015-03-13 17:41:11', '2015-03-13 17:41:11'),
(1785, 13, 15, 56, '12.00', '2015-03-13 17:41:11', '2015-03-13 17:41:11'),
(1786, 13, 12, 46, '15.00', '2015-03-13 17:41:11', '2015-03-13 17:41:11'),
(1787, 12, 16, 48, '30.00', '2015-03-13 17:41:11', '2015-03-13 17:41:11'),
(1788, 12, 46, 48, '20.00', '2015-03-13 17:41:12', '2015-03-13 17:41:12'),
(1789, 14, 14, 54, '15.00', '2015-03-13 17:41:12', '2015-03-13 17:41:12'),
(1790, 13, 17, 55, '2.00', '2015-03-13 17:41:12', '2015-03-13 17:41:12'),
(1791, 13, 51, 51, '10.00', '2015-03-13 17:41:12', '2015-03-13 17:41:12'),
(1792, 13, 13, 46, '15.00', '2015-03-13 17:41:13', '2015-03-13 17:41:13'),
(1793, 12, 47, 47, '30.00', '2015-03-13 17:41:13', '2015-03-13 17:41:13'),
(1794, 13, 46, 48, '5.00', '2015-03-13 17:41:13', '2015-03-13 17:41:13'),
(1795, 14, 17, 55, '3.00', '2015-03-13 17:41:13', '2015-03-13 17:41:13'),
(1796, 14, 15, 56, '15.00', '2015-03-13 17:41:13', '2015-03-13 17:41:13'),
(1797, 13, 47, 47, '12.00', '2015-03-13 17:41:13', '2015-03-13 17:41:13'),
(1798, 13, 16, 48, '10.00', '2015-03-13 17:41:14', '2015-03-13 17:41:14'),
(1799, 12, 18, 47, '1.00', '2015-03-13 17:41:14', '2015-03-13 17:41:14'),
(1800, 14, 12, 46, '2.00', '2015-03-13 17:41:14', '2015-03-13 17:41:14'),
(1801, 14, 47, 47, '12.00', '2015-03-13 17:41:14', '2015-03-13 17:41:14'),
(1802, 14, 46, 48, '10.00', '2015-03-13 17:41:14', '2015-03-13 17:41:14'),
(1803, 12, 17, 49, '4.00', '2015-03-13 17:41:14', '2015-03-13 17:41:14'),
(1804, 14, 48, 58, '12.00', '2015-03-13 17:41:15', '2015-03-13 17:41:15'),
(1805, 13, 18, 47, '4.00', '2015-03-13 17:41:15', '2015-03-13 17:41:15'),
(1806, 14, 18, 47, '7.00', '2015-03-13 17:41:15', '2015-03-13 17:41:15'),
(1807, 14, 13, 46, '14.00', '2015-03-13 17:41:15', '2015-03-13 17:41:15'),
(1808, 14, 16, 48, '10.00', '2015-03-13 17:41:15', '2015-03-13 17:41:15'),
(1809, 12, 15, 52, '1.00', '2015-03-13 17:41:15', '2015-03-13 17:41:15'),
(1810, 13, 17, 49, '5.00', '2015-03-13 17:41:16', '2015-03-13 17:41:16'),
(1811, 13, 15, 52, '2.00', '2015-03-13 17:41:16', '2015-03-13 17:41:16'),
(1812, 12, 14, 48, '28.00', '2015-03-13 17:41:16', '2015-03-13 17:41:16'),
(1813, 12, 18, 55, '1.00', '2015-03-13 17:41:16', '2015-03-13 17:41:16'),
(1814, 14, 17, 49, '6.00', '2015-03-13 17:41:16', '2015-03-13 17:41:16'),
(1815, 14, 15, 52, '3.00', '2015-03-13 17:41:17', '2015-03-13 17:41:17'),
(1816, 12, 12, 53, '13.00', '2015-03-13 17:41:17', '2015-03-13 17:41:17'),
(1817, 12, 49, 54, '10.00', '2015-03-13 17:41:17', '2015-03-13 17:41:17'),
(1818, 13, 18, 55, '3.00', '2015-03-13 17:41:17', '2015-03-13 17:41:17'),
(1819, 12, 47, 55, '23.00', '2015-03-13 17:41:17', '2015-03-13 17:41:17'),
(1820, 14, 18, 55, '7.00', '2015-03-13 17:41:18', '2015-03-13 17:41:18'),
(1821, 13, 47, 55, '12.00', '2015-03-13 17:41:18', '2015-03-13 17:41:18'),
(1822, 13, 12, 53, '12.00', '2015-03-13 17:41:18', '2015-03-13 17:41:18'),
(1823, 12, 16, 46, '15.00', '2015-03-13 17:41:19', '2015-03-13 17:41:19'),
(1824, 12, 48, 54, '30.00', '2015-03-13 17:41:19', '2015-03-13 17:41:19'),
(1825, 12, 13, 53, '30.00', '2015-03-13 17:41:19', '2015-03-13 17:41:19'),
(1826, 14, 47, 55, '12.00', '2015-03-13 17:41:19', '2015-03-13 17:41:19'),
(1827, 12, 17, 56, '7.00', '2015-03-13 17:41:19', '2015-03-13 17:41:19'),
(1828, 12, 46, 46, '25.00', '2015-03-13 17:41:19', '2015-03-13 17:41:19');
INSERT INTO `criteria_scores` (`id`, `criteria_id`, `segment_judge_id`, `segment_contestant_id`, `score`, `_date_created`, `_date_modified`) VALUES
(1829, 12, 18, 49, '1.00', '2015-03-13 17:41:19', '2015-03-13 17:41:19'),
(1830, 12, 51, 60, '25.00', '2015-03-13 17:41:19', '2015-03-13 17:41:19'),
(1831, 13, 49, 54, '2.00', '2015-03-13 17:41:20', '2015-03-13 17:41:20'),
(1832, 14, 12, 53, '2.00', '2015-03-13 17:41:20', '2015-03-13 17:41:20'),
(1833, 13, 14, 48, '10.00', '2015-03-13 17:41:20', '2015-03-13 17:41:20'),
(1834, 12, 47, 49, '22.00', '2015-03-13 17:41:20', '2015-03-13 17:41:20'),
(1835, 13, 17, 56, '8.00', '2015-03-13 17:41:20', '2015-03-13 17:41:20'),
(1836, 13, 16, 46, '15.00', '2015-03-13 17:41:20', '2015-03-13 17:41:20'),
(1837, 13, 47, 49, '12.00', '2015-03-13 17:41:21', '2015-03-13 17:41:21'),
(1838, 13, 13, 53, '15.00', '2015-03-13 17:41:21', '2015-03-13 17:41:21'),
(1839, 14, 17, 56, '1.00', '2015-03-13 17:41:21', '2015-03-13 17:41:21'),
(1840, 13, 51, 60, '11.00', '2015-03-13 17:41:22', '2015-03-13 17:41:22'),
(1841, 13, 48, 54, '15.00', '2015-03-13 17:41:22', '2015-03-13 17:41:22'),
(1842, 14, 47, 49, '12.00', '2015-03-13 17:41:22', '2015-03-13 17:41:22'),
(1843, 12, 12, 57, '12.00', '2015-03-13 17:41:22', '2015-03-13 17:41:22'),
(1844, 14, 16, 46, '15.00', '2015-03-13 17:41:22', '2015-03-13 17:41:22'),
(1845, 12, 47, 56, '22.00', '2015-03-13 17:41:23', '2015-03-13 17:41:23'),
(1846, 13, 18, 49, '4.00', '2015-03-13 17:41:23', '2015-03-13 17:41:23'),
(1847, 14, 18, 49, '6.00', '2015-03-13 17:41:23', '2015-03-13 17:41:23'),
(1848, 13, 46, 46, '4.00', '2015-03-13 17:41:23', '2015-03-13 17:41:23'),
(1849, 13, 12, 57, '14.00', '2015-03-13 17:41:23', '2015-03-13 17:41:23'),
(1850, 13, 47, 56, '12.00', '2015-03-13 17:41:24', '2015-03-13 17:41:24'),
(1851, 14, 51, 60, '14.00', '2015-03-13 17:41:24', '2015-03-13 17:41:24'),
(1852, 12, 18, 56, '1.00', '2015-03-13 17:41:24', '2015-03-13 17:41:24'),
(1853, 14, 47, 56, '12.00', '2015-03-13 17:41:24', '2015-03-13 17:41:24'),
(1854, 14, 12, 57, '14.00', '2015-03-13 17:41:24', '2015-03-13 17:41:24'),
(1855, 13, 18, 56, '3.00', '2015-03-13 17:41:25', '2015-03-13 17:41:25'),
(1856, 14, 18, 56, '4.00', '2015-03-13 17:41:25', '2015-03-13 17:41:25'),
(1857, 14, 13, 53, '12.00', '2015-03-13 17:41:25', '2015-03-13 17:41:25'),
(1858, 14, 49, 54, '15.00', '2015-03-13 17:41:25', '2015-03-13 17:41:25'),
(1859, 14, 48, 54, '15.00', '2015-03-13 17:41:25', '2015-03-13 17:41:25'),
(1860, 12, 17, 52, '1.00', '2015-03-13 17:41:25', '2015-03-13 17:41:25'),
(1861, 12, 18, 52, '6.00', '2015-03-13 17:41:26', '2015-03-13 17:41:26'),
(1862, 12, 47, 52, '12.00', '2015-03-13 17:41:26', '2015-03-13 17:41:26'),
(1863, 14, 46, 46, '10.00', '2015-03-13 17:41:26', '2015-03-13 17:41:26'),
(1864, 13, 18, 52, '8.00', '2015-03-13 17:41:26', '2015-03-13 17:41:26'),
(1865, 13, 17, 52, '2.00', '2015-03-13 17:41:26', '2015-03-13 17:41:26'),
(1866, 12, 12, 59, '12.00', '2015-03-13 17:41:26', '2015-03-13 17:41:26'),
(1867, 14, 17, 52, '1.00', '2015-03-13 17:41:27', '2015-03-13 17:41:27'),
(1868, 12, 51, 50, '28.00', '2015-03-13 17:41:27', '2015-03-13 17:41:27'),
(1869, 13, 12, 59, '13.00', '2015-03-13 17:41:27', '2015-03-13 17:41:27'),
(1870, 14, 12, 59, '14.00', '2015-03-13 17:41:28', '2015-03-13 17:41:28'),
(1871, 14, 14, 48, '10.00', '2015-03-13 17:41:29', '2015-03-13 17:41:29'),
(1872, 13, 47, 52, '13.00', '2015-03-13 17:41:29', '2015-03-13 17:41:29'),
(1873, 12, 13, 57, '25.00', '2015-03-13 17:41:29', '2015-03-13 17:41:29'),
(1874, 12, 16, 53, '20.00', '2015-03-13 17:41:29', '2015-03-13 17:41:29'),
(1875, 14, 47, 52, '12.00', '2015-03-13 17:41:30', '2015-03-13 17:41:30'),
(1876, 12, 12, 47, '13.00', '2015-03-13 17:41:30', '2015-03-13 17:41:30'),
(1877, 13, 12, 47, '13.00', '2015-03-13 17:41:30', '2015-03-13 17:41:30'),
(1878, 13, 13, 57, '15.00', '2015-03-13 17:41:31', '2015-03-13 17:41:31'),
(1879, 14, 12, 47, '14.00', '2015-03-13 17:41:31', '2015-03-13 17:41:31'),
(1880, 13, 51, 50, '13.00', '2015-03-13 17:41:32', '2015-03-13 17:41:32'),
(1881, 12, 49, 48, '12.00', '2015-03-13 17:41:32', '2015-03-13 17:41:32'),
(1882, 12, 46, 53, '28.00', '2015-03-13 17:41:33', '2015-03-13 17:41:33'),
(1883, 12, 12, 55, '13.00', '2015-03-13 17:41:33', '2015-03-13 17:41:33'),
(1884, 14, 18, 52, '13.00', '2015-03-13 17:41:33', '2015-03-13 17:41:33'),
(1885, 12, 14, 46, '25.00', '2015-03-13 17:41:33', '2015-03-13 17:41:33'),
(1886, 14, 13, 57, '12.00', '2015-03-13 17:41:35', '2015-03-13 17:41:35'),
(1887, 13, 46, 53, '13.00', '2015-03-13 17:41:35', '2015-03-13 17:41:35'),
(1888, 13, 49, 48, '12.00', '2015-03-13 17:41:36', '2015-03-13 17:41:36'),
(1889, 14, 46, 53, '12.00', '2015-03-13 17:41:37', '2015-03-13 17:41:37'),
(1890, 14, 51, 50, '12.00', '2015-03-13 17:41:38', '2015-03-13 17:41:38'),
(1891, 13, 14, 46, '12.00', '2015-03-13 17:41:38', '2015-03-13 17:41:38'),
(1892, 13, 12, 55, '12.00', '2015-03-13 17:41:38', '2015-03-13 17:41:38'),
(1893, 13, 16, 53, '10.00', '2015-03-13 17:41:39', '2015-03-13 17:41:39'),
(1894, 12, 48, 48, '26.00', '2015-03-13 17:41:39', '2015-03-13 17:41:39'),
(1895, 12, 13, 59, '25.00', '2015-03-13 17:41:39', '2015-03-13 17:41:39'),
(1896, 14, 16, 53, '10.00', '2015-03-13 17:41:40', '2015-03-13 17:41:40'),
(1897, 14, 49, 48, '15.00', '2015-03-13 17:41:40', '2015-03-13 17:41:40'),
(1898, 14, 14, 46, '14.00', '2015-03-13 17:41:41', '2015-03-13 17:41:41'),
(1899, 12, 46, 57, '25.00', '2015-03-13 17:41:41', '2015-03-13 17:41:41'),
(1900, 13, 13, 59, '15.00', '2015-03-13 17:41:42', '2015-03-13 17:41:42'),
(1901, 13, 48, 48, '14.00', '2015-03-13 17:41:42', '2015-03-13 17:41:42'),
(1902, 14, 13, 59, '12.00', '2015-03-13 17:41:43', '2015-03-13 17:41:43'),
(1903, 12, 49, 46, '30.00', '2015-03-13 17:41:44', '2015-03-13 17:41:44'),
(1904, 13, 46, 57, '14.00', '2015-03-13 17:41:44', '2015-03-13 17:41:44'),
(1905, 12, 14, 53, '22.00', '2015-03-13 17:41:45', '2015-03-13 17:41:45'),
(1906, 14, 48, 48, '15.00', '2015-03-13 17:41:46', '2015-03-13 17:41:46'),
(1907, 12, 16, 57, '20.00', '2015-03-13 17:41:46', '2015-03-13 17:41:46'),
(1908, 13, 49, 46, '15.00', '2015-03-13 17:41:46', '2015-03-13 17:41:46'),
(1909, 12, 51, 58, '27.00', '2015-03-13 17:41:47', '2015-03-13 17:41:47'),
(1910, 14, 12, 55, '15.00', '2015-03-13 17:41:47', '2015-03-13 17:41:47'),
(1911, 14, 46, 57, '8.00', '2015-03-13 17:41:47', '2015-03-13 17:41:47'),
(1912, 12, 13, 47, '28.00', '2015-03-13 17:41:47', '2015-03-13 17:41:47'),
(1913, 13, 14, 53, '9.00', '2015-03-13 17:41:48', '2015-03-13 17:41:48'),
(1914, 14, 49, 46, '15.00', '2015-03-13 17:41:49', '2015-03-13 17:41:49'),
(1915, 13, 13, 47, '15.00', '2015-03-13 17:41:49', '2015-03-13 17:41:49'),
(1916, 13, 16, 57, '10.00', '2015-03-13 17:41:49', '2015-03-13 17:41:49'),
(1917, 13, 51, 58, '15.00', '2015-03-13 17:41:50', '2015-03-13 17:41:50'),
(1918, 14, 14, 53, '12.00', '2015-03-13 17:41:50', '2015-03-13 17:41:50'),
(1919, 12, 46, 59, '22.00', '2015-03-13 17:41:50', '2015-03-13 17:41:50'),
(1920, 14, 13, 47, '10.00', '2015-03-13 17:41:51', '2015-03-13 17:41:51'),
(1921, 14, 16, 57, '15.00', '2015-03-13 17:41:51', '2015-03-13 17:41:51'),
(1922, 14, 51, 58, '10.00', '2015-03-13 17:41:52', '2015-03-13 17:41:52'),
(1923, 12, 14, 57, '26.00', '2015-03-13 17:41:52', '2015-03-13 17:41:52'),
(1924, 12, 48, 46, '28.00', '2015-03-13 17:41:53', '2015-03-13 17:41:53'),
(1925, 13, 14, 57, '12.00', '2015-03-13 17:41:54', '2015-03-13 17:41:54'),
(1926, 12, 16, 59, '30.00', '2015-03-13 17:41:54', '2015-03-13 17:41:54'),
(1927, 13, 46, 59, '13.00', '2015-03-13 17:41:55', '2015-03-13 17:41:55'),
(1928, 12, 12, 49, '15.00', '2015-03-13 17:41:55', '2015-03-13 17:41:55'),
(1929, 12, 51, 54, '30.00', '2015-03-13 17:41:55', '2015-03-13 17:41:55'),
(1930, 12, 49, 53, '11.00', '2015-03-13 17:41:55', '2015-03-13 17:41:55'),
(1931, 12, 13, 55, '25.00', '2015-03-13 17:41:55', '2015-03-13 17:41:55'),
(1932, 13, 48, 46, '13.00', '2015-03-13 17:41:55', '2015-03-13 17:41:55'),
(1933, 14, 14, 57, '11.00', '2015-03-13 17:41:56', '2015-03-13 17:41:56'),
(1934, 13, 12, 49, '12.00', '2015-03-13 17:41:56', '2015-03-13 17:41:56'),
(1935, 13, 13, 55, '15.00', '2015-03-13 17:41:57', '2015-03-13 17:41:57'),
(1936, 13, 49, 53, '11.00', '2015-03-13 17:41:57', '2015-03-13 17:41:57'),
(1937, 14, 46, 59, '11.00', '2015-03-13 17:41:57', '2015-03-13 17:41:57'),
(1938, 14, 48, 46, '11.00', '2015-03-13 17:41:57', '2015-03-13 17:41:57'),
(1939, 12, 14, 59, '27.00', '2015-03-13 17:41:58', '2015-03-13 17:41:58'),
(1940, 14, 49, 53, '11.00', '2015-03-13 17:41:58', '2015-03-13 17:41:58'),
(1941, 14, 13, 55, '10.00', '2015-03-13 17:41:58', '2015-03-13 17:41:58'),
(1942, 13, 16, 59, '15.00', '2015-03-13 17:41:58', '2015-03-13 17:41:58'),
(1943, 14, 12, 49, '13.00', '2015-03-13 17:41:59', '2015-03-13 17:41:59'),
(1944, 13, 14, 59, '12.00', '2015-03-13 17:42:00', '2015-03-13 17:42:00'),
(1945, 14, 16, 59, '15.00', '2015-03-13 17:42:00', '2015-03-13 17:42:00'),
(1946, 12, 49, 57, '20.00', '2015-03-13 17:42:01', '2015-03-13 17:42:01'),
(1947, 14, 14, 59, '13.00', '2015-03-13 17:42:02', '2015-03-13 17:42:02'),
(1948, 13, 51, 54, '15.00', '2015-03-13 17:42:02', '2015-03-13 17:42:02'),
(1949, 12, 48, 53, '11.00', '2015-03-13 17:42:02', '2015-03-13 17:42:02'),
(1950, 12, 46, 47, '24.00', '2015-03-13 17:42:02', '2015-03-13 17:42:02'),
(1951, 12, 12, 56, '15.00', '2015-03-13 17:42:02', '2015-03-13 17:42:02'),
(1952, 12, 13, 49, '27.00', '2015-03-13 17:42:02', '2015-03-13 17:42:02'),
(1953, 13, 48, 53, '11.00', '2015-03-13 17:42:03', '2015-03-13 17:42:03'),
(1954, 13, 49, 57, '10.00', '2015-03-13 17:42:03', '2015-03-13 17:42:03'),
(1955, 13, 13, 49, '15.00', '2015-03-13 17:42:04', '2015-03-13 17:42:04'),
(1956, 12, 16, 47, '25.00', '2015-03-13 17:42:04', '2015-03-13 17:42:04'),
(1957, 14, 48, 53, '10.00', '2015-03-13 17:42:05', '2015-03-13 17:42:05'),
(1958, 12, 14, 47, '21.00', '2015-03-13 17:42:05', '2015-03-13 17:42:05'),
(1959, 13, 46, 47, '13.00', '2015-03-13 17:42:06', '2015-03-13 17:42:06'),
(1960, 14, 13, 49, '10.00', '2015-03-13 17:42:06', '2015-03-13 17:42:06'),
(1961, 13, 16, 47, '15.00', '2015-03-13 17:42:07', '2015-03-13 17:42:07'),
(1962, 13, 14, 47, '12.00', '2015-03-13 17:42:07', '2015-03-13 17:42:07'),
(1963, 14, 51, 54, '11.00', '2015-03-13 17:42:07', '2015-03-13 17:42:07'),
(1964, 14, 49, 57, '10.00', '2015-03-13 17:42:07', '2015-03-13 17:42:07'),
(1965, 14, 46, 47, '11.00', '2015-03-13 17:42:08', '2015-03-13 17:42:08'),
(1966, 12, 48, 57, '23.00', '2015-03-13 17:42:08', '2015-03-13 17:42:08'),
(1967, 14, 16, 47, '15.00', '2015-03-13 17:42:08', '2015-03-13 17:42:08'),
(1968, 12, 13, 56, '25.00', '2015-03-13 17:42:09', '2015-03-13 17:42:09'),
(1969, 14, 14, 47, '15.00', '2015-03-13 17:42:10', '2015-03-13 17:42:10'),
(1970, 13, 13, 56, '15.00', '2015-03-13 17:42:10', '2015-03-13 17:42:10'),
(1971, 13, 12, 56, '12.00', '2015-03-13 17:42:11', '2015-03-13 17:42:11'),
(1972, 13, 48, 57, '10.00', '2015-03-13 17:42:11', '2015-03-13 17:42:11'),
(1973, 12, 51, 48, '29.00', '2015-03-13 17:42:12', '2015-03-13 17:42:12'),
(1974, 12, 16, 55, '30.00', '2015-03-13 17:42:12', '2015-03-13 17:42:12'),
(1975, 12, 46, 55, '26.00', '2015-03-13 17:42:12', '2015-03-13 17:42:12'),
(1976, 14, 13, 56, '10.00', '2015-03-13 17:42:12', '2015-03-13 17:42:12'),
(1977, 14, 12, 56, '15.00', '2015-03-13 17:42:12', '2015-03-13 17:42:12'),
(1978, 13, 16, 55, '10.00', '2015-03-13 17:42:13', '2015-03-13 17:42:13'),
(1979, 14, 48, 57, '12.00', '2015-03-13 17:42:14', '2015-03-13 17:42:14'),
(1980, 12, 13, 52, '25.00', '2015-03-13 17:42:14', '2015-03-13 17:42:14'),
(1981, 13, 46, 55, '8.00', '2015-03-13 17:42:14', '2015-03-13 17:42:14'),
(1982, 12, 12, 52, '11.00', '2015-03-13 17:42:14', '2015-03-13 17:42:14'),
(1983, 12, 49, 59, '15.00', '2015-03-13 17:42:15', '2015-03-13 17:42:15'),
(1984, 12, 14, 55, '26.00', '2015-03-13 17:42:15', '2015-03-13 17:42:15'),
(1985, 13, 51, 48, '14.00', '2015-03-13 17:42:15', '2015-03-13 17:42:15'),
(1986, 14, 16, 55, '15.00', '2015-03-13 17:42:15', '2015-03-13 17:42:15'),
(1987, 14, 46, 55, '8.00', '2015-03-13 17:42:16', '2015-03-13 17:42:16'),
(1988, 13, 13, 52, '10.00', '2015-03-13 17:42:16', '2015-03-13 17:42:16'),
(1989, 14, 51, 48, '12.00', '2015-03-13 17:42:17', '2015-03-13 17:42:17'),
(1990, 13, 14, 55, '14.00', '2015-03-13 17:42:18', '2015-03-13 17:42:18'),
(1991, 14, 13, 52, '15.00', '2015-03-13 17:42:19', '2015-03-13 17:42:19'),
(1992, 12, 16, 49, '25.00', '2015-03-13 17:42:19', '2015-03-13 17:42:19'),
(1993, 13, 12, 52, '15.00', '2015-03-13 17:42:20', '2015-03-13 17:42:20'),
(1994, 13, 49, 59, '1.00', '2015-03-13 17:42:21', '2015-03-13 17:42:21'),
(1995, 13, 16, 49, '15.00', '2015-03-13 17:42:21', '2015-03-13 17:42:21'),
(1996, 14, 12, 52, '15.00', '2015-03-13 17:42:21', '2015-03-13 17:42:21'),
(1997, 12, 51, 46, '22.00', '2015-03-13 17:42:22', '2015-03-13 17:42:22'),
(1998, 14, 16, 49, '10.00', '2015-03-13 17:42:24', '2015-03-13 17:42:24'),
(1999, 13, 51, 46, '14.00', '2015-03-13 17:42:24', '2015-03-13 17:42:24'),
(2000, 14, 14, 55, '13.00', '2015-03-13 17:42:25', '2015-03-13 17:42:25'),
(2001, 14, 51, 46, '11.00', '2015-03-13 17:42:26', '2015-03-13 17:42:26'),
(2002, 12, 46, 49, '15.00', '2015-03-13 17:42:27', '2015-03-13 17:42:27'),
(2003, 12, 16, 56, '30.00', '2015-03-13 17:42:27', '2015-03-13 17:42:27'),
(2004, 12, 51, 53, '25.00', '2015-03-13 17:42:28', '2015-03-13 17:42:28'),
(2005, 13, 16, 56, '10.00', '2015-03-13 17:42:29', '2015-03-13 17:42:29'),
(2006, 13, 51, 53, '11.00', '2015-03-13 17:42:30', '2015-03-13 17:42:30'),
(2007, 14, 16, 56, '15.00', '2015-03-13 17:42:31', '2015-03-13 17:42:31'),
(2008, 14, 49, 59, '12.00', '2015-03-13 17:42:31', '2015-03-13 17:42:31'),
(2009, 14, 51, 53, '15.00', '2015-03-13 17:42:32', '2015-03-13 17:42:32'),
(2010, 12, 48, 59, '25.00', '2015-03-13 17:42:32', '2015-03-13 17:42:32'),
(2011, 13, 46, 49, '12.00', '2015-03-13 17:42:33', '2015-03-13 17:42:33'),
(2012, 14, 46, 49, '13.00', '2015-03-13 17:42:34', '2015-03-13 17:42:34'),
(2013, 13, 48, 59, '14.00', '2015-03-13 17:42:34', '2015-03-13 17:42:34'),
(2014, 12, 49, 47, '30.00', '2015-03-13 17:42:34', '2015-03-13 17:42:34'),
(2015, 12, 14, 49, '24.00', '2015-03-13 17:42:36', '2015-03-13 17:42:36'),
(2016, 12, 51, 57, '28.00', '2015-03-13 17:42:37', '2015-03-13 17:42:37'),
(2017, 14, 48, 59, '13.00', '2015-03-13 17:42:38', '2015-03-13 17:42:38'),
(2018, 13, 49, 47, '12.00', '2015-03-13 17:42:39', '2015-03-13 17:42:39'),
(2019, 13, 14, 49, '10.00', '2015-03-13 17:42:39', '2015-03-13 17:42:39'),
(2020, 13, 51, 57, '10.00', '2015-03-13 17:42:39', '2015-03-13 17:42:39'),
(2021, 12, 46, 56, '28.00', '2015-03-13 17:42:40', '2015-03-13 17:42:40'),
(2022, 14, 51, 57, '11.00', '2015-03-13 17:42:41', '2015-03-13 17:42:41'),
(2023, 14, 49, 47, '11.00', '2015-03-13 17:42:41', '2015-03-13 17:42:41'),
(2024, 12, 16, 52, '25.00', '2015-03-13 17:42:41', '2015-03-13 17:42:41'),
(2025, 14, 14, 49, '9.00', '2015-03-13 17:42:41', '2015-03-13 17:42:41'),
(2026, 13, 16, 52, '15.00', '2015-03-13 17:42:43', '2015-03-13 17:42:43'),
(2027, 13, 46, 56, '8.00', '2015-03-13 17:42:45', '2015-03-13 17:42:45'),
(2028, 12, 14, 56, '25.00', '2015-03-13 17:42:45', '2015-03-13 17:42:45'),
(2029, 14, 16, 52, '15.00', '2015-03-13 17:42:46', '2015-03-13 17:42:46'),
(2030, 14, 46, 56, '9.00', '2015-03-13 17:42:46', '2015-03-13 17:42:46'),
(2031, 13, 14, 56, '13.00', '2015-03-13 17:42:48', '2015-03-13 17:42:48'),
(2032, 12, 51, 59, '27.00', '2015-03-13 17:42:49', '2015-03-13 17:42:49'),
(2033, 12, 46, 52, '23.00', '2015-03-13 17:42:49', '2015-03-13 17:42:49'),
(2034, 12, 49, 55, '11.00', '2015-03-13 17:42:50', '2015-03-13 17:42:50'),
(2035, 13, 51, 59, '11.00', '2015-03-13 17:42:51', '2015-03-13 17:42:51'),
(2036, 13, 49, 55, '11.00', '2015-03-13 17:42:51', '2015-03-13 17:42:51'),
(2037, 13, 46, 52, '7.00', '2015-03-13 17:42:52', '2015-03-13 17:42:52'),
(2038, 14, 14, 56, '8.00', '2015-03-13 17:42:53', '2015-03-13 17:42:53'),
(2039, 14, 49, 55, '11.00', '2015-03-13 17:42:53', '2015-03-13 17:42:53'),
(2040, 14, 46, 52, '6.00', '2015-03-13 17:42:55', '2015-03-13 17:42:55'),
(2041, 12, 14, 52, '28.00', '2015-03-13 17:42:56', '2015-03-13 17:42:56'),
(2042, 14, 51, 59, '9.00', '2015-03-13 17:42:56', '2015-03-13 17:42:56'),
(2043, 12, 48, 47, '29.00', '2015-03-13 17:42:57', '2015-03-13 17:42:57'),
(2044, 12, 49, 49, '2.00', '2015-03-13 17:42:57', '2015-03-13 17:42:57'),
(2045, 13, 14, 52, '13.00', '2015-03-13 17:42:58', '2015-03-13 17:42:58'),
(2046, 13, 49, 49, '3.00', '2015-03-13 17:42:58', '2015-03-13 17:42:58'),
(2047, 13, 48, 47, '14.00', '2015-03-13 17:42:59', '2015-03-13 17:42:59'),
(2048, 12, 51, 47, '26.00', '2015-03-13 17:42:59', '2015-03-13 17:42:59'),
(2049, 14, 49, 49, '1.00', '2015-03-13 17:43:00', '2015-03-13 17:43:00'),
(2050, 14, 14, 52, '10.00', '2015-03-13 17:43:00', '2015-03-13 17:43:00'),
(2051, 13, 51, 47, '9.00', '2015-03-13 17:43:02', '2015-03-13 17:43:02'),
(2052, 12, 49, 56, '1.00', '2015-03-13 17:43:02', '2015-03-13 17:43:02'),
(2053, 14, 48, 47, '14.00', '2015-03-13 17:43:02', '2015-03-13 17:43:02'),
(2054, 13, 49, 56, '1.00', '2015-03-13 17:43:03', '2015-03-13 17:43:03'),
(2055, 14, 51, 47, '11.00', '2015-03-13 17:43:03', '2015-03-13 17:43:03'),
(2056, 14, 49, 56, '1.00', '2015-03-13 17:43:03', '2015-03-13 17:43:03'),
(2057, 12, 49, 52, '2.00', '2015-03-13 17:43:05', '2015-03-13 17:43:05'),
(2058, 13, 49, 52, '2.00', '2015-03-13 17:43:06', '2015-03-13 17:43:06'),
(2059, 12, 51, 55, '29.00', '2015-03-13 17:43:06', '2015-03-13 17:43:06'),
(2060, 14, 49, 52, '2.00', '2015-03-13 17:43:06', '2015-03-13 17:43:06'),
(2061, 13, 51, 55, '11.00', '2015-03-13 17:43:08', '2015-03-13 17:43:08'),
(2062, 12, 48, 55, '26.00', '2015-03-13 17:43:10', '2015-03-13 17:43:10'),
(2063, 14, 51, 55, '10.00', '2015-03-13 17:43:13', '2015-03-13 17:43:13'),
(2064, 13, 48, 55, '15.00', '2015-03-13 17:43:14', '2015-03-13 17:43:14'),
(2065, 14, 48, 55, '12.00', '2015-03-13 17:43:16', '2015-03-13 17:43:16'),
(2066, 12, 51, 49, '20.00', '2015-03-13 17:43:23', '2015-03-13 17:43:23'),
(2067, 12, 48, 49, '29.00', '2015-03-13 17:43:23', '2015-03-13 17:43:23'),
(2068, 13, 51, 49, '15.00', '2015-03-13 17:43:24', '2015-03-13 17:43:24'),
(2069, 14, 51, 49, '15.00', '2015-03-13 17:43:25', '2015-03-13 17:43:25'),
(2070, 13, 48, 49, '14.00', '2015-03-13 17:43:29', '2015-03-13 17:43:29'),
(2071, 12, 17, 50, '10.00', '2015-03-13 17:43:29', '2015-03-13 17:43:29'),
(2072, 12, 51, 56, '29.00', '2015-03-13 17:43:30', '2015-03-13 17:43:30'),
(2073, 14, 48, 49, '13.00', '2015-03-13 17:43:31', '2015-03-13 17:43:31'),
(2074, 13, 17, 50, '10.00', '2015-03-13 17:43:31', '2015-03-13 17:43:31'),
(2075, 13, 51, 56, '12.00', '2015-03-13 17:43:32', '2015-03-13 17:43:32'),
(2076, 14, 51, 56, '11.00', '2015-03-13 17:43:34', '2015-03-13 17:43:34'),
(2077, 12, 48, 56, '27.00', '2015-03-13 17:43:36', '2015-03-13 17:43:36'),
(2078, 12, 51, 52, '25.00', '2015-03-13 17:43:38', '2015-03-13 17:43:38'),
(2079, 13, 48, 56, '11.00', '2015-03-13 17:43:38', '2015-03-13 17:43:38'),
(2080, 14, 48, 56, '10.00', '2015-03-13 17:43:40', '2015-03-13 17:43:40'),
(2081, 13, 51, 52, '15.00', '2015-03-13 17:43:40', '2015-03-13 17:43:40'),
(2082, 14, 51, 52, '11.00', '2015-03-13 17:43:43', '2015-03-13 17:43:43'),
(2083, 12, 48, 52, '29.00', '2015-03-13 17:43:51', '2015-03-13 17:43:51'),
(2084, 13, 48, 52, '10.00', '2015-03-13 17:43:53', '2015-03-13 17:43:53'),
(2085, 14, 48, 52, '10.00', '2015-03-13 17:43:56', '2015-03-13 17:43:56');

-- --------------------------------------------------------

--
-- Table structure for table `judges`
--

CREATE TABLE IF NOT EXISTS `judges` (
`id` int(20) NOT NULL,
  `competition_id` int(20) NOT NULL,
  `first_name` varchar(50) NOT NULL,
  `last_name` varchar(50) NOT NULL,
  `username` varchar(50) NOT NULL,
  `password` varchar(255) NOT NULL,
  `status` tinyint(1) NOT NULL DEFAULT '1',
  `_date_created` datetime DEFAULT CURRENT_TIMESTAMP,
  `_date_modified` datetime NOT NULL DEFAULT CURRENT_TIMESTAMP
) ENGINE=InnoDB AUTO_INCREMENT=33 DEFAULT CHARSET=latin1;

--
-- Dumping data for table `judges`
--

INSERT INTO `judges` (`id`, `competition_id`, `first_name`, `last_name`, `username`, `password`, `status`, `_date_created`, `_date_modified`) VALUES
(1, 1, 'Leah Mae', 'Panisales', 'leahmae', 'd4c6afa006b3f59cae20067dddce89f416d22031', 1, '2015-02-28 13:27:33', '2015-02-28 13:27:33'),
(2, 1, 'Abner', 'Luzon', 'abnerl', '675823e83de51d7c16a70e9f053ab3a7bc76218a', 1, '2015-02-28 13:28:49', '2015-02-28 13:28:49'),
(3, 1, 'April Marie', 'Dayap', 'aprilmarie', '70643cf552803b2d78b5c60805889821d0992556', 1, '2015-02-28 13:29:17', '2015-02-28 13:29:17'),
(4, 1, 'Rollie', 'Dumalag', 'rollied', '43b0bb617615421dfa8bb6f0fe21d44e0999dfe1', 1, '2015-02-28 13:29:54', '2015-02-28 13:29:54'),
(5, 1, 'Jhopee', 'Agustin', 'jhopee', '72d49d36c8da75c531c1fcff936bbe4967d6539d', 1, '2015-02-28 13:30:30', '2015-02-28 13:30:30'),
(6, 1, 'William', 'Zimmerman', 'william', 'c824fe0afe16857dd6f587aa7c4044d2642d60fb', 1, '2015-03-05 14:25:00', '2015-03-05 14:25:00'),
(7, 1, 'Jhoey', 'Zulueta', 'joyz', '956628cdab4ed11572125a1ea3673c9577010f8b', 1, '2015-03-05 14:25:30', '2015-03-05 14:25:30'),
(8, 1, 'Oscar', 'Casaysay', 'oscarc', 'b2dccf7f78bea0d4d4b3d7565c6792658acb006e', 1, '2015-03-05 14:25:56', '2015-03-05 14:25:56'),
(9, 1, 'Ian', 'Garcia', 'iang', '5505b384367c8ee473b9858e9ce37425f831c5ae', 1, '2015-03-05 14:26:21', '2015-03-05 14:26:21'),
(10, 1, 'Maria Elena', 'Gementiza', 'jesse', 'a5c95b3d7cb4d0ae05a15c79c79ab458dc2c8f9e', 1, '2015-03-05 14:26:45', '2015-03-05 14:26:45'),
(23, 1, 'Alvin Mark', '', 'alvinmark', '8ac03791f0a7505b128f346d28a18c29c58eaa88', 1, '2015-03-13 17:34:50', '2015-03-13 17:34:50'),
(24, 1, 'Chrys', '', 'chrys', '452b7da40eea941ccc3ad2fad2e72cfed97f7fc5', 1, '2015-03-13 17:36:00', '2015-03-13 17:36:00'),
(25, 1, 'Karen', '', 'karen', '55107e193e648a27778fa98736b2e8e24b3cd6e1', 1, '2015-03-13 17:36:32', '2015-03-13 17:36:32'),
(26, 1, 'Rody', '', 'rody', '62fea0e2c13a980002264baf2602579d87ec71c7', 1, '2015-03-13 17:36:46', '2015-03-13 17:36:46'),
(27, 1, 'Gerald', '', 'gerald', '446f6fe420322ac611e4621119ab11e5a51daf2f', 1, '2015-03-13 17:37:00', '2015-03-13 17:37:00'),
(28, 1, 'Eno', '', 'eno', '54debb229144fea0cac0045d01be0d746bc4a8ba', 1, '2015-03-13 17:37:18', '2015-03-13 17:37:18');

-- --------------------------------------------------------

--
-- Table structure for table `segments`
--

CREATE TABLE IF NOT EXISTS `segments` (
`id` int(20) NOT NULL,
  `competition_id` int(20) NOT NULL,
  `name` varchar(50) NOT NULL,
  `description` text NOT NULL,
  `slug` varchar(150) NOT NULL,
  `date` datetime NOT NULL,
  `venue` varchar(200) NOT NULL,
  `status` tinyint(1) NOT NULL,
  `_date_created` datetime NOT NULL DEFAULT CURRENT_TIMESTAMP,
  `_date_modified` datetime NOT NULL DEFAULT CURRENT_TIMESTAMP
) ENGINE=InnoDB AUTO_INCREMENT=5 DEFAULT CHARSET=latin1;

--
-- Dumping data for table `segments`
--

INSERT INTO `segments` (`id`, `competition_id`, `name`, `description`, `slug`, `date`, `venue`, `status`, `_date_created`, `_date_modified`) VALUES
(1, 1, 'Selection of Top 15', 'Selection of Top 15', 'selection-of-top-15', '2015-02-28 17:00:00', 'Felcris Centrale', 0, '0000-00-00 00:00:00', '0000-00-00 00:00:00'),
(2, 1, 'Talent Competition', 'Talent Competition', 'talent-competition', '2015-03-06 14:00:00', 'Gaisano Mall', 0, '2015-02-12 00:06:35', '2015-02-12 00:06:35'),
(3, 1, 'Selection of Top 5', 'Top 5', 'top-5', '2015-03-11 00:00:00', 'Davao Recreational Center', 1, '2015-02-12 00:09:06', '2015-02-12 00:09:06'),
(4, 1, 'Selection of Winners', 'Selection of Winners', 'selection-of-winners', '2015-03-11 00:00:00', 'Davao Recreational Center', 1, '2015-02-12 00:10:32', '2015-02-12 00:10:32');

-- --------------------------------------------------------

--
-- Table structure for table `segments_as_criteria`
--

CREATE TABLE IF NOT EXISTS `segments_as_criteria` (
`id` int(20) NOT NULL,
  `segment_id` int(20) NOT NULL,
  `alias` varchar(10) NOT NULL,
  `source_segment_id` int(20) NOT NULL,
  `visibility` tinyint(1) NOT NULL DEFAULT '1' COMMENT '1: Both 2: Form 3: Report',
  `percentage` decimal(5,2) NOT NULL
) ENGINE=InnoDB AUTO_INCREMENT=3 DEFAULT CHARSET=latin1;

--
-- Dumping data for table `segments_as_criteria`
--

INSERT INTO `segments_as_criteria` (`id`, `segment_id`, `alias`, `source_segment_id`, `visibility`, `percentage`) VALUES
(1, 4, 'top 5', 3, 1, '50.00'),
(2, 3, 'talent', 2, 1, '15.00');

-- --------------------------------------------------------

--
-- Table structure for table `segment_contestants`
--

CREATE TABLE IF NOT EXISTS `segment_contestants` (
`id` int(20) NOT NULL,
  `segment_id` int(20) NOT NULL,
  `contestant_id` int(20) NOT NULL,
  `number` int(3) NOT NULL,
  `_date_created` datetime NOT NULL DEFAULT CURRENT_TIMESTAMP,
  `_date_modified` datetime NOT NULL DEFAULT CURRENT_TIMESTAMP
) ENGINE=InnoDB AUTO_INCREMENT=66 DEFAULT CHARSET=latin1;

--
-- Dumping data for table `segment_contestants`
--

INSERT INTO `segment_contestants` (`id`, `segment_id`, `contestant_id`, `number`, `_date_created`, `_date_modified`) VALUES
(1, 1, 1, 1, '2015-02-25 22:36:53', '2015-02-25 22:36:53'),
(2, 1, 2, 2, '2015-02-25 22:42:32', '2015-02-25 22:42:32'),
(3, 1, 3, 3, '2015-02-25 22:45:13', '2015-02-25 22:45:13'),
(4, 1, 4, 4, '2015-02-25 22:48:32', '2015-02-25 22:48:32'),
(5, 1, 5, 5, '2015-02-25 22:51:38', '2015-02-25 22:51:38'),
(6, 1, 6, 6, '2015-02-25 22:55:13', '2015-02-25 22:55:13'),
(7, 1, 7, 7, '2015-02-25 22:57:50', '2015-02-25 22:57:50'),
(8, 1, 8, 8, '2015-02-25 23:00:24', '2015-02-25 23:00:24'),
(9, 1, 9, 9, '2015-02-25 23:02:15', '2015-02-25 23:02:15'),
(10, 1, 10, 10, '2015-02-25 23:03:58', '2015-02-25 23:03:58'),
(11, 1, 11, 11, '2015-02-25 23:05:14', '2015-02-25 23:05:14'),
(12, 1, 12, 12, '2015-02-25 23:06:32', '2015-02-25 23:06:32'),
(13, 1, 13, 13, '2015-02-25 23:07:43', '2015-02-25 23:07:43'),
(14, 1, 14, 14, '2015-02-25 23:09:49', '2015-02-25 23:09:49'),
(15, 1, 15, 15, '2015-02-25 23:11:21', '2015-02-25 23:11:21'),
(16, 1, 16, 16, '2015-02-25 23:12:28', '2015-02-25 23:12:28'),
(17, 1, 17, 17, '2015-02-25 23:14:06', '2015-02-25 23:14:06'),
(18, 1, 18, 18, '2015-02-25 23:16:01', '2015-02-25 23:16:01'),
(19, 1, 19, 19, '2015-02-25 23:18:19', '2015-02-25 23:18:19'),
(20, 1, 20, 20, '2015-02-25 23:20:45', '2015-02-25 23:20:45'),
(21, 1, 21, 21, '2015-02-25 23:23:23', '2015-02-25 23:23:23'),
(22, 1, 22, 22, '2015-02-25 23:29:53', '2015-02-25 23:29:53'),
(23, 1, 23, 23, '2015-02-25 23:33:31', '2015-02-25 23:33:31'),
(24, 1, 24, 24, '2015-02-25 23:35:52', '2015-02-25 23:35:52'),
(25, 1, 25, 25, '2015-02-25 23:37:32', '2015-02-25 23:37:32'),
(26, 1, 26, 26, '2015-02-25 23:39:08', '2015-02-25 23:39:08'),
(27, 1, 27, 27, '2015-02-25 23:40:59', '2015-02-25 23:40:59'),
(28, 1, 28, 28, '2015-02-25 23:42:36', '2015-02-25 23:42:36'),
(29, 1, 29, 29, '2015-02-25 23:44:08', '2015-02-25 23:44:08'),
(30, 1, 30, 30, '2015-02-25 23:45:13', '2015-02-25 23:45:13'),
(31, 2, 18, 1, '2015-03-02 22:57:28', '2015-03-02 22:57:28'),
(32, 2, 30, 2, '2015-03-02 22:58:55', '2015-03-02 22:58:55'),
(33, 2, 17, 3, '2015-03-02 22:59:47', '2015-03-02 22:59:47'),
(34, 2, 27, 4, '2015-03-02 22:59:47', '2015-03-02 22:59:47'),
(35, 2, 23, 5, '2015-03-02 22:59:47', '2015-03-02 22:59:47'),
(36, 2, 14, 6, '2015-03-02 22:59:47', '2015-03-02 22:59:47'),
(37, 2, 9, 7, '2015-03-02 22:59:47', '2015-03-02 22:59:47'),
(38, 2, 20, 8, '2015-03-02 23:04:02', '2015-03-02 23:04:02'),
(39, 2, 26, 9, '2015-03-02 23:04:02', '2015-03-02 23:04:02'),
(40, 2, 28, 10, '2015-03-02 23:04:02', '2015-03-02 23:04:02'),
(41, 2, 13, 11, '2015-03-02 23:04:02', '2015-03-02 23:04:02'),
(42, 2, 24, 12, '2015-03-02 23:04:02', '2015-03-02 23:04:02'),
(43, 2, 16, 13, '2015-03-02 23:04:02', '2015-03-02 23:04:02'),
(44, 2, 25, 14, '2015-03-02 23:04:02', '2015-03-02 23:04:02'),
(45, 2, 19, 15, '2015-03-02 23:04:02', '2015-03-02 23:04:02'),
(46, 3, 9, 7, '2015-03-02 22:59:47', '2015-03-02 22:59:47'),
(47, 3, 13, 11, '2015-03-02 23:04:02', '2015-03-02 23:04:02'),
(48, 3, 14, 6, '2015-03-02 22:59:47', '2015-03-02 22:59:47'),
(49, 3, 16, 13, '2015-03-02 23:04:02', '2015-03-02 23:04:02'),
(50, 3, 17, 3, '2015-03-02 22:59:47', '2015-03-02 22:59:47'),
(51, 3, 18, 1, '2015-03-02 22:57:28', '2015-03-02 22:57:28'),
(52, 3, 19, 15, '2015-03-02 23:04:02', '2015-03-02 23:04:02'),
(53, 3, 20, 8, '2015-03-02 23:04:02', '2015-03-02 23:04:02'),
(54, 3, 23, 5, '2015-03-02 22:59:47', '2015-03-02 22:59:47'),
(55, 3, 24, 12, '2015-03-02 23:04:02', '2015-03-02 23:04:02'),
(56, 3, 25, 14, '2015-03-02 23:04:02', '2015-03-02 23:04:02'),
(57, 3, 26, 9, '2015-03-02 23:04:02', '2015-03-02 23:04:02'),
(58, 3, 27, 4, '2015-03-02 22:59:47', '2015-03-02 22:59:47'),
(59, 3, 28, 10, '2015-03-02 23:04:02', '2015-03-02 23:04:02'),
(60, 3, 30, 2, '2015-03-02 22:58:55', '2015-03-02 22:58:55'),
(61, 4, 27, 1, '2015-03-13 03:46:55', '2015-03-13 03:46:55'),
(62, 4, 17, 2, '2015-03-13 06:45:10', '2015-03-13 06:45:10'),
(63, 4, 18, 3, '2015-03-13 07:32:13', '2015-03-13 07:32:13'),
(64, 4, 23, 5, '2015-03-13 18:02:41', '2015-03-13 18:02:41'),
(65, 4, 14, 4, '2015-03-13 18:02:41', '2015-03-13 18:02:41');

-- --------------------------------------------------------

--
-- Table structure for table `segment_judges`
--

CREATE TABLE IF NOT EXISTS `segment_judges` (
`id` int(20) NOT NULL,
  `segment_id` int(20) NOT NULL,
  `judge_id` int(20) NOT NULL,
  `number` int(3) NOT NULL,
  `status` tinyint(1) NOT NULL DEFAULT '1',
  `_date_created` datetime NOT NULL DEFAULT CURRENT_TIMESTAMP,
  `_date_modified` datetime NOT NULL DEFAULT CURRENT_TIMESTAMP
) ENGINE=InnoDB AUTO_INCREMENT=119 DEFAULT CHARSET=latin1;

--
-- Dumping data for table `segment_judges`
--

INSERT INTO `segment_judges` (`id`, `segment_id`, `judge_id`, `number`, `status`, `_date_created`, `_date_modified`) VALUES
(1, 1, 1, 1, 0, '2015-02-28 13:27:34', '2015-02-28 13:27:34'),
(2, 1, 2, 2, 0, '2015-02-28 13:28:49', '2015-02-28 13:28:49'),
(3, 1, 3, 3, 0, '2015-02-28 13:29:17', '2015-02-28 13:29:17'),
(4, 1, 4, 4, 0, '2015-02-28 13:29:54', '2015-02-28 13:29:54'),
(5, 1, 5, 5, 0, '2015-02-28 13:30:30', '2015-02-28 13:30:30'),
(7, 2, 6, 5, 0, '2015-03-05 14:25:00', '2015-03-05 14:25:00'),
(8, 2, 7, 4, 0, '2015-03-05 14:25:30', '2015-03-05 14:25:30'),
(9, 2, 8, 3, 0, '2015-03-05 14:25:56', '2015-03-05 14:25:56'),
(10, 2, 9, 2, 0, '2015-03-05 14:26:22', '2015-03-05 14:26:22'),
(11, 2, 10, 1, 0, '2015-03-05 14:26:45', '2015-03-05 14:26:45'),
(12, 3, 1, 0, 1, '2015-03-05 14:26:45', '2015-03-05 14:26:45'),
(13, 3, 2, 0, 1, '2015-03-05 14:26:45', '2015-03-05 14:26:45'),
(14, 3, 3, 0, 1, '2015-03-05 14:26:45', '2015-03-05 14:26:45'),
(15, 3, 4, 0, 1, '2015-03-05 14:26:45', '2015-03-05 14:26:45'),
(16, 3, 5, 0, 1, '2015-03-05 14:26:45', '2015-03-05 14:26:45'),
(17, 3, 6, 0, 1, '2015-03-05 14:26:45', '2015-03-05 14:26:45'),
(18, 3, 7, 0, 1, '2015-03-05 14:26:45', '2015-03-05 14:26:45'),
(46, 3, 23, 0, 1, '2015-03-13 17:34:50', '2015-03-13 17:34:50'),
(47, 3, 24, 0, 1, '2015-03-13 17:36:00', '2015-03-13 17:36:00'),
(48, 3, 25, 0, 1, '2015-03-13 17:36:32', '2015-03-13 17:36:32'),
(49, 3, 26, 0, 1, '2015-03-13 17:36:46', '2015-03-13 17:36:46'),
(50, 3, 27, 0, 1, '2015-03-13 17:37:01', '2015-03-13 17:37:01'),
(51, 3, 28, 0, 1, '2015-03-13 17:37:18', '2015-03-13 17:37:18'),
(106, 4, 1, 1, 1, '2015-03-14 07:13:58', '2015-03-14 07:13:58'),
(107, 4, 27, 2, 1, '2015-03-14 07:13:58', '2015-03-14 07:13:58'),
(108, 4, 26, 3, 1, '2015-03-14 07:13:58', '2015-03-14 07:13:58'),
(109, 4, 25, 4, 1, '2015-03-14 07:13:58', '2015-03-14 07:13:58'),
(110, 4, 24, 5, 1, '2015-03-14 07:13:58', '2015-03-14 07:13:58'),
(111, 4, 23, 6, 1, '2015-03-14 07:13:59', '2015-03-14 07:13:59'),
(112, 4, 7, 7, 1, '2015-03-14 07:13:59', '2015-03-14 07:13:59'),
(113, 4, 6, 8, 1, '2015-03-14 07:13:59', '2015-03-14 07:13:59'),
(114, 4, 5, 9, 1, '2015-03-14 07:13:59', '2015-03-14 07:13:59'),
(115, 4, 4, 10, 1, '2015-03-14 07:13:59', '2015-03-14 07:13:59'),
(116, 4, 3, 11, 1, '2015-03-14 07:13:59', '2015-03-14 07:13:59'),
(117, 4, 2, 12, 1, '2015-03-14 07:13:59', '2015-03-14 07:13:59'),
(118, 4, 28, 13, 1, '2015-03-14 07:13:59', '2015-03-14 07:13:59');

-- --------------------------------------------------------

--
-- Table structure for table `segment_pages`
--

CREATE TABLE IF NOT EXISTS `segment_pages` (
`id` int(20) NOT NULL,
  `segment_id` int(20) NOT NULL,
  `judge` text NOT NULL COMMENT 'View for Single Judge Report',
  `segment` text NOT NULL COMMENT 'View for Segment Judges Report',
  `sheet` text NOT NULL COMMENT 'View for Segment Judge Scoring Sheet',
  `script` text NOT NULL COMMENT 'Script for Segment Judge Scoring Sheet'
) ENGINE=InnoDB AUTO_INCREMENT=5 DEFAULT CHARSET=latin1;

--
-- Dumping data for table `segment_pages`
--

INSERT INTO `segment_pages` (`id`, `segment_id`, `judge`, `segment`, `sheet`, `script`) VALUES
(1, 1, 'administrator/judges/sheet-selection-of-top-15', 'administrator/rankings/sheet-selection-of-top-15', '', ''),
(2, 2, 'administrator/judges/sheet-talent-competition', 'administrator/rankings/sheet-talent-competition', '', ''),
(3, 3, 'administrator/judges/sheet-selection-of-top-5', 'administrator/rankings/sheet-selection-of-top-5', '', ''),
(4, 4, 'administrator/judges/sheet-talent-competition', 'administrator/rankings/sheet-selection-of-winners', '', '');

--
-- Indexes for dumped tables
--

--
-- Indexes for table `administrators`
--
ALTER TABLE `administrators`
 ADD PRIMARY KEY (`id`), ADD KEY `username` (`username`);

--
-- Indexes for table `competitions`
--
ALTER TABLE `competitions`
 ADD PRIMARY KEY (`id`);

--
-- Indexes for table `contestants`
--
ALTER TABLE `contestants`
 ADD PRIMARY KEY (`id`), ADD KEY `competition_id` (`competition_id`);

--
-- Indexes for table `contestant_images`
--
ALTER TABLE `contestant_images`
 ADD PRIMARY KEY (`id`), ADD KEY `contestant_id` (`contestant_id`);

--
-- Indexes for table `criterias`
--
ALTER TABLE `criterias`
 ADD PRIMARY KEY (`id`), ADD KEY `segment_id` (`segment_id`);

--
-- Indexes for table `criteria_scores`
--
ALTER TABLE `criteria_scores`
 ADD PRIMARY KEY (`id`);

--
-- Indexes for table `judges`
--
ALTER TABLE `judges`
 ADD PRIMARY KEY (`id`), ADD KEY `username` (`username`), ADD KEY `competition_id` (`competition_id`);

--
-- Indexes for table `segments`
--
ALTER TABLE `segments`
 ADD PRIMARY KEY (`id`), ADD KEY `competition_id` (`competition_id`);

--
-- Indexes for table `segments_as_criteria`
--
ALTER TABLE `segments_as_criteria`
 ADD PRIMARY KEY (`id`);

--
-- Indexes for table `segment_contestants`
--
ALTER TABLE `segment_contestants`
 ADD PRIMARY KEY (`id`), ADD KEY `segment_id` (`segment_id`,`contestant_id`);

--
-- Indexes for table `segment_judges`
--
ALTER TABLE `segment_judges`
 ADD PRIMARY KEY (`id`), ADD KEY `segment_id` (`segment_id`), ADD KEY `judge_id` (`judge_id`);

--
-- Indexes for table `segment_pages`
--
ALTER TABLE `segment_pages`
 ADD PRIMARY KEY (`id`), ADD KEY `segment_id` (`segment_id`);

--
-- AUTO_INCREMENT for dumped tables
--

--
-- AUTO_INCREMENT for table `administrators`
--
ALTER TABLE `administrators`
MODIFY `id` int(20) NOT NULL AUTO_INCREMENT;
--
-- AUTO_INCREMENT for table `competitions`
--
ALTER TABLE `competitions`
MODIFY `id` int(20) NOT NULL AUTO_INCREMENT,AUTO_INCREMENT=2;
--
-- AUTO_INCREMENT for table `contestants`
--
ALTER TABLE `contestants`
MODIFY `id` int(20) NOT NULL AUTO_INCREMENT,AUTO_INCREMENT=31;
--
-- AUTO_INCREMENT for table `contestant_images`
--
ALTER TABLE `contestant_images`
MODIFY `id` int(20) NOT NULL AUTO_INCREMENT;
--
-- AUTO_INCREMENT for table `criterias`
--
ALTER TABLE `criterias`
MODIFY `id` int(20) NOT NULL AUTO_INCREMENT,AUTO_INCREMENT=17;
--
-- AUTO_INCREMENT for table `criteria_scores`
--
ALTER TABLE `criteria_scores`
MODIFY `id` int(20) NOT NULL AUTO_INCREMENT,AUTO_INCREMENT=2146;
--
-- AUTO_INCREMENT for table `judges`
--
ALTER TABLE `judges`
MODIFY `id` int(20) NOT NULL AUTO_INCREMENT,AUTO_INCREMENT=33;
--
-- AUTO_INCREMENT for table `segments`
--
ALTER TABLE `segments`
MODIFY `id` int(20) NOT NULL AUTO_INCREMENT,AUTO_INCREMENT=5;
--
-- AUTO_INCREMENT for table `segments_as_criteria`
--
ALTER TABLE `segments_as_criteria`
MODIFY `id` int(20) NOT NULL AUTO_INCREMENT,AUTO_INCREMENT=3;
--
-- AUTO_INCREMENT for table `segment_contestants`
--
ALTER TABLE `segment_contestants`
MODIFY `id` int(20) NOT NULL AUTO_INCREMENT,AUTO_INCREMENT=66;
--
-- AUTO_INCREMENT for table `segment_judges`
--
ALTER TABLE `segment_judges`
MODIFY `id` int(20) NOT NULL AUTO_INCREMENT,AUTO_INCREMENT=119;
--
-- AUTO_INCREMENT for table `segment_pages`
--
ALTER TABLE `segment_pages`
MODIFY `id` int(20) NOT NULL AUTO_INCREMENT,AUTO_INCREMENT=5;
/*!40101 SET CHARACTER_SET_CLIENT=@OLD_CHARACTER_SET_CLIENT */;
/*!40101 SET CHARACTER_SET_RESULTS=@OLD_CHARACTER_SET_RESULTS */;
/*!40101 SET COLLATION_CONNECTION=@OLD_COLLATION_CONNECTION */;
